Desempenho,Acuracia,Similaridade,Especificidade,Proporção espacial x,Proporção espacial y,Complexidade,grupo
0.5360551976666449,0.3125,0.6956655929999346,0.6,0.551923076923077,0.6375838926174496,4,CF
0.6965458411097463,0.6666666666666666,0.7563041899959053,0.6666666666666667,0.7653846153846153,0.7315436241610739,4,CF
0.6576927734624624,0.8125,0.7605783203873873,0.4,1,0.7344199424736337,4,CF
0.5065167647792812,0.6875,0.8320502943378437,0.0,0.6884615384615385,0.7516778523489933,6,CF
0.5418995164934265,0.6875,0.9381985494802796,0.0,0.8269230769230769,0.7622243528283796,6,CF
0.7813300704326703,0.5625,0.781490211298011,1.0,0.9038461538461539,0.8331735378715245,6,CF
0.48679706933326417,0.625,0.8353912079997924,0.0,0.9403846153846154,0.8581016299137104,8,CF
0.5562268652942143,0.8125,0.856180595882643,0.0,0.8903846153846153,0.800575263662512,8,CF
0.4389479841294032,0.5,0.8168439523882095,0.0,0.6653846153846154,0.6001917545541706,8,CF
0.7186575923004209,0.375,0.7809727769012628,1.0,0.6365384615384615,0.5033557046979866,4,CF
0.7422497713626618,0.6666666666666666,0.8193419066805777,0.7407407407407407,0.9019230769230769,0.7833173537871524,4,CF
0.6374706558216474,0.625,0.8874119674649423,0.4,0.8211538461538461,0.8744007670182167,4,CF
0.5103120650688725,0.6875,0.8434361952066176,0.0,0.9096153846153846,0.7727708533077661,6,CF
0.5377638327179146,0.6875,0.9257914981537437,0.0,0.7423076923076923,0.7718120805369127,6,CF
0.822996737099337,0.6875,0.781490211298011,1.0,0.8115384615384615,0.8744007670182167,6,CF
0.48679706933326417,0.625,0.8353912079997924,0.0,0.9134615384615384,0.7986577181208053,8,CF
0.8916666666666666,0.875,0.8,1.0,0.8730769230769231,0.7976989453499521,8,CF
0.7830505011866756,0.6944444444444444,0.8720983634634086,0.782608695652174,0.8269230769230769,0.75071907957814,8,CF
0.41974337221783536,0.4375,0.821730116653506,0.0,0.9730769230769231,0.7430488974113135,4,CF
0.7440951729403734,0.7346938775510204,0.7225916412701,0.775,0.8884615384615384,0.7976989453499521,4,CF
0.6655897321957776,0.75,0.8467691965873326,0.4,0.9346153846153846,0.785234899328859,4,CF
0.4856834314459479,0.625,0.8320502943378437,0.0,0.9384615384615385,0.788111217641419,6,CF
0.48142399092853205,0.625,0.8192719727855963,0.0,0.9826923076923076,0.7555129434324065,6,CF
0.822996737099337,0.6875,0.781490211298011,1.0,0.8423076923076923,0.7698945349952061,6,CF
0.5096844996894229,0.625,0.9040534990682685,0.0,0.8634615384615385,0.7305848513902206,8,CF
0.9231589159570724,0.875,0.8944767478712174,1.0,0.9038461538461539,0.7497603068072867,8,CF
0.40432546438993205,0.4375,0.7754763931697962,0.0,0.9423076923076923,0.7593480345158198,8,CF
0.6653993493184877,0.75,0.8461980479554632,0.4,0.7769230769230769,0.9357622243528284,4,CF
0.736197249936716,0.76,0.7610917498101478,0.6875,0.8403846153846154,0.8370086289549377,4,CF
0.6089947022696526,0.75,0.8769841068089578,0.19999999999999996,0.9346153846153846,0.9223394055608821,4,CF
0.47907891025161736,0.625,0.8122367307548523,0.0,0.9057692307692308,0.9376797698945349,6,CF
0.4563182191888928,0.625,0.7439546575666784,0.0,0.9153846153846154,0.965484180249281,6,CF
0.8128438052134682,0.75,0.7885314156404046,0.9,0.9961538461538462,0.87248322147651,6,CF
0.47038514305077933,0.5,0.9111554291523379,0.0,0.9519230769230769,0.8034515819750719,8,CF
0.5555545592203196,0.8125,0.8541636776609587,0.0,1.0057692307692307,0.7833173537871524,8,CF
0.894287334470372,0.9375,0.7453620034111159,1.0,0.9346153846153846,0.8887823585810163,8,CF
0.6278724462171376,0.6875,0.7961173386514129,0.4,0.8807692307692307,0.9386385426653883,4,CF
0.3757930938958776,0.4375,0.6898792816876329,0.0,0.8596153846153847,0.8024928092042186,4,CF
0.4899122638333068,0.625,0.8447367914999205,0.0,0.9903846153846154,0.9050814956855225,4,CF
0.5056281779181734,0.75,0.7668845337545204,0.0,0.9307692307692308,0.9022051773729626,6,CF
0.48352300085820393,0.6875,0.7630690025746119,0.0,0.925,0.8830297219558965,6,CF
0.822996737099337,0.6875,0.781490211298011,1.0,0.9865384615384616,0.8849472674976031,6,CF
0.47038514305077933,0.5,0.9111554291523379,0.0,0.9692307692307692,0.8149568552253116,8,CF
0.5555545592203196,0.8125,0.8541636776609587,0.0,0.9884615384615385,0.8197507190795782,8,CF
0.9248859634416524,0.9375,0.8371578903249574,1.0,0.9634615384615385,0.8897411313518696,8,CF
0.6206988897471611,0.6875,0.7745966692414834,0.4,0.8865384615384615,0.9060402684563759,4,CF
0.39952461764273517,0.4375,0.7610738529282056,0.0,0.9980769230769231,0.9319271332694151,4,CF
0.4916666666666667,0.625,0.85,0.0,0.9461538461538461,0.825503355704698,4,CF
0.49955093635157866,0.625,0.8736528090547359,0.0,0.9211538461538461,0.8082454458293384,6,CF
0.526898012166812,0.8125,0.7681940365004358,0.0,0.9384615384615385,0.950143815915628,6,CF
0.8128438052134682,0.75,0.7885314156404046,0.9,0.9865384615384616,0.9079578139980825,6,CF
0.47038514305077933,0.5,0.9111554291523379,0.0,0.8942307692307693,0.8322147651006712,8,CF
0.5758021061297499,0.8125,0.9149063183892499,0.0,0.9884615384615385,0.8053691275167785,8,CF
0.9379762479366412,1.0,0.8139287438099234,1.0,0.9673076923076923,0.8542665388302972,8,CF
0.44427462586748767,0.5625,0.7703238776024629,0.0,0.7365384615384616,0.6768935762224353,4,CF
0.48346886456874333,0.5625,0.7450494508490871,0.1428571428571429,0.7788461538461539,0.8763183125599233,4,CF
0.49163489291702406,0.625,0.8499046787510721,0.0,0.7826923076923077,0.725790987535954,4,CF
0.8309097708015619,0.75,0.9245474942228675,0.8181818181818181,0.8730769230769231,0.7689357622243528,6,CF
0.6261701726862824,0.875,0.6701771847255139,0.33333333333333337,0.8923076923076924,0.9194630872483222,6,CF
0.8128438052134682,0.75,0.7885314156404046,0.9,1.0076923076923077,0.9980824544582934,6,CF
0.47038514305077933,0.5,0.9111554291523379,0.0,0.85,0.8801534036433365,8,CF
0.5555545592203196,0.8125,0.8541636776609587,0.0,0.9038461538461539,0.8533077660594439,8,CF
0.6648724223121572,0.875,0.7862839336031381,0.33333333333333337,1.0134615384615384,0.9683604985618408,8,CF
0.6451363699593685,0.75,0.7854091098781056,0.4,0.7057692307692308,0.6097794822627037,4,CF
0.4600796829519714,0.5625,0.6748819059987713,0.1428571428571429,0.8134615384615385,0.8571428571428571,4,CF
0.4640647368109619,0.625,0.7671942104328858,0.0,0.8384615384615385,0.716203259827421,4,CF
0.8104701424375594,0.7755102040816326,0.827328794659617,0.8285714285714285,0.8461538461538461,0.8533077660594439,6,CF
0.5199851944803562,0.8125,0.7474555834410685,0.0,0.8346153846153846,0.9041227229146692,6,CF
0.822996737099337,0.6875,0.781490211298011,1.0,0.8788461538461538,0.9616490891658677,6,CF
0.47038514305077933,0.5,0.9111554291523379,0.0,0.8961538461538462,0.8053691275167785,8,CF
0.5555545592203196,0.8125,0.8541636776609587,0.0,0.9403846153846154,0.8456375838926175,8,CF
0.6648724223121572,0.875,0.7862839336031381,0.33333333333333337,0.9634615384615385,0.7660594439117929,8,CF
0.6391419222978835,0.75,0.7674257668936506,0.4,0.8192307692307692,0.7766059443911792,4,CF
0.35457089521164326,0.4375,0.6262126856349297,0.0,0.8384615384615385,0.6279961649089166,4,CF
0.5722426609655904,0.6875,0.8292279828967711,0.19999999999999996,0.8384615384615385,0.6845637583892618,4,CF
0.5178770463790756,0.6875,0.8661311391372267,0.0,0.8615384615384616,0.862895493767977,6,CF
0.5122825142324611,0.8125,0.7243475426973831,0.0,0.9096153846153846,0.9683604985618408,6,CF
0.822996737099337,0.6875,0.781490211298011,1.0,0.8480769230769231,1.0047938638542666,6,CF
0.48960898905832195,0.5625,0.9063269671749657,0.0,0.8442307692307692,0.8609779482262704,8,CF
0.5758021061297499,0.8125,0.9149063183892499,0.0,0.975,0.9156279961649089,8,CF
0.6324206923810857,0.75,0.8139287438099234,0.33333333333333337,0.9346153846153846,0.9587727708533078,8,CF
0.5444405648362717,0.6875,0.7458216945088149,0.19999999999999996,0.5403846153846154,0.8763183125599233,4,CF
0.600361334897365,0.5,0.8725125761206665,0.4285714285714286,0.9038461538461539,0.8149568552253116,4,CF
0.4801516895156554,0.4375,0.8029550685469662,0.19999999999999996,0.9403846153846154,0.5474592521572388,4,CF
0.4851606221250789,0.625,0.8304818663752367,0.0,0.8365384615384616,0.7775647171620326,6,CF
0.8089378876605421,0.88,0.7134803296482928,0.8333333333333334,0.8461538461538461,0.8053691275167785,6,CF
0.765637495908614,0.5625,0.7344124877258417,1.0,0.9307692307692308,0.9395973154362416,6,CF
0.47038514305077933,0.5,0.9111554291523379,0.0,0.7615384615384615,0.7794822627037392,8,CF
0.5555545592203196,0.8125,0.8541636776609587,0.0,0.8153846153846154,0.7526366251198466,8,CF
0.8170381537492103,0.8333333333333334,0.791694171392558,0.8260869565217391,0.7807692307692308,0.8475551294343241,8,CF
0.48966340376600365,0.6875,0.781490211298011,0.0,0.7230769230769231,0.7833173537871524,4,CF
0.4627740374501374,0.4375,0.6651078266361264,0.2857142857142857,0.8173076923076923,0.8600191754554171,4,CF
0.7714781694372533,0.6,0.7144345083117603,1.0,0.9461538461538461,0.6931927133269415,4,CF
0.9215501190053795,0.8333333333333334,0.9313170236828051,1.0,0.8884615384615384,0.775647171620326,6,CF
0.8160326254627887,0.8571428571428571,0.7576216859121756,0.8333333333333334,0.9403846153846154,0.8044103547459253,6,CF
0.822996737099337,0.6875,0.781490211298011,1.0,0.7903846153846154,0.7948226270373921,6,CF
0.47038514305077933,0.5,0.9111554291523379,0.0,0.8096153846153846,0.8302972195589645,8,CF
0.5248500222343492,0.75,0.8245500667030474,0.0,0.8653846153846154,0.8159156279961649,8,CF
0.8537475507330922,0.8571428571428571,0.842988683945308,0.8611111111111112,0.8423076923076923,0.8897411313518696,8,CF
0.574628995875627,0.5625,0.761386987626881,0.4,0.8538461538461538,0.8053691275167785,4,CF
0.6246233189901389,0.6111111111111112,0.6701662532667129,0.5925925925925926,0.8846153846153846,0.8245445829338447,4,CF
0.6366666666666666,0.75,0.76,0.4,0.8307692307692308,0.6347075743048898,4,CF
0.49982487739840203,0.625,0.8744746321952062,0.0,0.8711538461538462,0.7948226270373921,6,CF
0.9209440781520494,1.0,0.7628322344561482,1.0,0.926923076923077,0.87248322147651,6,CF
0.7864708292419472,0.625,0.7344124877258417,1.0,0.9442307692307692,0.8341323106423778,6,CF
0.48960898905832195,0.5625,0.9063269671749657,0.0,0.8596153846153847,0.8533077660594439,8,CF
0.5758021061297499,0.8125,0.9149063183892499,0.0,0.9173076923076923,0.8657718120805369,8,CF
0.790266106919462,0.84,0.7807983207583857,0.75,0.948076923076923,0.840843720038351,8,CF
0.7003696707777145,0.72,0.7382518694760007,0.6428571428571428,0.8692307692307693,0.3068072866730585,4,CF
0.49563207226672307,0.5625,0.7815390739430262,0.1428571428571429,0.7480769230769231,0.7718120805369127,4,CF
0.7384110700658685,0.875,0.7402332101976052,0.6,0.7403846153846154,0.588686481303931,4,CF
0.5029611588277282,0.625,0.8838834764831844,0.0,0.8423076923076923,0.6529242569511026,6,CF
0.8246008113209022,0.88,0.7604691006293736,0.8333333333333334,0.6596153846153846,0.713326941514861,6,CF
0.8854745413128672,0.875,0.7814236239386015,1.0,0.7288461538461538,0.8092042186001918,6,CF
0.7156019502484638,0.8125,0.8343058507453917,0.5,0.75,0.7181208053691275,8,CF
0.6161187075974287,0.56,0.7883561227922861,0.5,0.7980769230769231,0.7622243528283796,8,CF
0.8021974704874301,0.7755102040816326,0.825526651825102,0.8055555555555556,0.8346153846153846,0.48705656759348037,8,CF
0.6324697728945532,0.75,0.7474093186836597,0.4,0.7923076923076923,0.5292425695110259,4,CF
0.7105390303659013,0.76,0.6841170910977037,0.6875,0.7634615384615384,0.6922339405560882,4,CF
0.6185568962156982,0.6875,0.7681706886470947,0.4,0.7403846153846154,0.5100671140939598,4,CF
0.8148420726677239,0.7777777777777778,0.8485666220435755,0.8181818181818181,0.7576923076923077,0.6490891658676894,6,CF
0.8202102832510273,0.8571428571428571,0.7145991037213356,0.8888888888888888,0.6326923076923077,0.6212847555129435,6,CF
0.798419494237281,0.72,0.7863695938229543,0.8888888888888888,0.7365384615384616,0.7152444870565676,6,CF
0.4871835813759811,0.625,0.8365507441279434,0.0,0.7403846153846154,0.7334611697027804,8,CF
0.7580564820727272,0.6944444444444444,0.7702011922499276,0.8095238095238095,0.5884615384615385,0.8897411313518696,8,CF
0.8021292707650067,0.8055555555555556,0.8182235610872907,0.782608695652174,0.6865384615384615,0.638542665388303,8,CF
0.73083038975695,0.875,0.7174911692708499,0.6,0.7538461538461538,0.5023969319271333,4,CF
0.5030187277238493,0.625,0.7411990403144051,0.1428571428571429,0.8653846153846154,0.7497603068072867,4,CF
0.7527004356102834,0.76,0.7838155925451363,0.7142857142857143,0.7326923076923076,0.4458293384467881,4,CF
0.4761751345948129,0.5625,0.8660254037844387,0.0,0.8826923076923077,0.6615532118887824,6,CF
0.7109140581512942,0.6875,0.7785755077872157,0.6666666666666667,0.6423076923076924,0.6807286673058485,6,CF
0.8206795112654657,0.6875,0.7745385337963969,1.0,0.8807692307692307,0.7727708533077661,6,CF
0.47647381562100355,0.5625,0.8669214468630108,0.0,0.7769230769230769,0.738255033557047,8,CF
0.5993745068667149,0.52,0.8781235206001446,0.4,0.6346153846153846,0.763183125599233,8,CF
0.7700664628047879,0.8125,0.8310327217476967,0.6666666666666667,0.6884615384615385,0.7861936720997124,8,CF
0.7641791945872383,0.84,0.7382518694760007,0.7142857142857143,0.6615384615384615,0.8293384467881112,4,CF
0.4894608412133013,0.5625,0.7630253807827609,0.1428571428571429,0.9288461538461539,0.8149568552253116,4,CF
0.6327409154390791,0.75,0.7482227463172373,0.4,0.9019230769230769,0.8533077660594439,4,CF
0.5441591949679245,0.75,0.8824775849037737,0.0,0.9615384615384616,0.9424736337488016,6,CF
0.8222712209938754,0.92,0.7134803296482928,0.8333333333333334,0.9634615384615385,0.8398849472674976,6,CF
0.8340671995361567,0.6875,0.8147015986084701,1.0,0.9057692307692308,0.8063279002876318,6,CF
0.7982417201016544,0.7222222222222222,0.8543211199009229,0.8181818181818181,0.875,0.8034515819750719,8,CF
0.5555545592203196,0.8125,0.8541636776609587,0.0,0.8846153846153846,0.7497603068072867,8,CF
0.845872342155834,0.8333333333333334,0.8781967366124297,0.8260869565217391,0.8326923076923077,0.8101629913710451,8,CF
0.4431461192187453,0.5625,0.766938357656236,0.0,0.9576923076923077,0.9539789069990412,4,CF
0.6589472897691862,0.68,0.7343418693075583,0.5625,0.9326923076923077,0.6673058485139022,4,CF
0.5522934902398924,0.6875,0.7693804707196773,0.19999999999999996,0.9076923076923077,0.7622243528283796,4,CF
0.5602477140414864,0.8125,0.8682431421244593,0.0,0.9346153846153846,0.9348034515819751,6,CF
0.8160326254627887,0.8571428571428571,0.7576216859121756,0.8333333333333334,0.8096153846153846,0.8868648130393096,6,CF
0.7813300704326703,0.5625,0.781490211298011,1.0,0.9673076923076923,0.9290508149568553,6,CF
0.6895778778067786,0.56,0.8723699970566995,0.6363636363636364,0.8615384615384616,0.7603068072866731,8,CF
0.5555545592203196,0.8125,0.8541636776609587,0.0,0.8307692307692308,0.8360498561840843,8,CF
0.8013419711876125,0.8055555555555556,0.815861662355108,0.782608695652174,0.8288461538461539,0.9031639501438159,8,CF
0.4431461192187453,0.5625,0.766938357656236,0.0,0.8057692307692308,0.87248322147651,4,CF
0.44763155481515016,0.5625,0.6375375215883077,0.1428571428571429,0.9115384615384615,0.8964525407478428,4,CF
0.6528396151233045,0.8125,0.7460188453699135,0.4,0.9711538461538461,0.9242569511025887,4,CF
0.5389063522006402,0.75,0.8667190566019205,0.0,0.9346153846153846,0.7909875359539789,6,CF
0.9209440781520494,1.0,0.7628322344561482,1.0,0.9173076923076923,0.8811121764141898,6,CF
0.82739818259524,0.6875,0.7946945477857202,1.0,0.8942307692307693,0.8485139022051774,6,CF
0.791384215357139,0.64,0.9159708278895987,0.8181818181818181,0.8307692307692308,0.7497603068072867,8,CF
0.5758021061297499,0.8125,0.9149063183892499,0.0,0.9211538461538461,0.8418024928092043,8,CF
0.770923357132158,0.8,0.7627700713964738,0.75,0.8692307692307693,0.7900287631831256,8,CF
0.4323041625752806,0.5625,0.7344124877258417,0.0,0.5788461538461539,0.3959731543624161,4,CF
0.8439102693985953,0.8888888888888888,0.7909900674550452,0.8518518518518519,0.8461538461538461,0.5675934803451582,4,CF
0.477511537562201,0.5625,0.870034612686603,0.0,0.8576923076923076,0.8744007670182167,4,CF
0.48470718046016104,0.6875,0.7666215413804831,0.0,0.8403846153846154,0.840843720038351,6,CF
0.49471140173855627,0.8125,0.6716342052156687,0.0,0.9711538461538461,0.900287631831256,6,CF
0.8596194160568441,0.8125,0.7663582481705322,1.0,0.8557692307692307,0.8044103547459253,6,CF
0.47764079202899595,0.625,0.8079223760869877,0.0,0.9865384615384616,0.5896452540747843,8,CF
0.8209432806109094,0.6875,0.7753298418327284,1.0,0.8115384615384615,0.8868648130393096,8,CF
0.7949596054606309,0.8055555555555556,0.7967145651741631,0.782608695652174,0.975,0.9060402684563759,8,CF
0.648769433922736,0.6,0.7748797303396366,0.5714285714285714,0.8384615384615385,0.7219558964525408,4,CF
0.8519250209837651,0.9183673469387755,0.73740771601252,0.9,0.8807692307692307,0.7996164908916586,4,CF
0.5068226699324089,0.5625,0.7579680097972268,0.19999999999999996,0.9230769230769231,0.4966442953020134,4,CF
0.5157617680497016,0.6875,0.8597853041491051,0.0,0.9019230769230769,0.8427612655800575,6,CF
0.515594814445831,0.8125,0.7342844433374932,0.0,0.85,0.8034515819750719,6,CF
0.8596194160568441,0.8125,0.7663582481705322,1.0,0.8057692307692308,0.8302972195589645,6,CF
0.5724538231386046,0.875,0.8423614694158139,0.0,0.85,0.7449664429530202,8,CF
0.8630487972260913,0.75,0.8391463916782737,1.0,0.7923076923076923,0.7948226270373921,8,CF
0.7561080524188627,0.75,0.7791937224739796,0.7391304347826086,0.875,0.7785234899328859,8,CF
0.7710612887971785,0.7346938775510204,0.7890163046299884,0.7894736842105263,0.8115384615384615,0.738255033557047,4,CF
0.7518927339215645,0.875,0.6663924874789788,0.7142857142857143,0.9576923076923077,0.8839884947267498,4,CF
0.5686056961283238,0.6875,0.8183170883849715,0.19999999999999996,0.8769230769230769,0.7526366251198466,4,CF
0.5065626191398679,0.6875,0.8321878574196034,0.0,0.9442307692307692,0.9367209971236817,6,CF
0.510051926124909,0.8125,0.7176557783747272,0.0,0.9730769230769231,0.8552253116011506,6,CF
0.8596194160568441,0.8125,0.7663582481705322,1.0,0.8076923076923077,0.87823585810163,6,CF
0.4814767570828387,0.5625,0.8819302712485163,0.0,0.8326923076923077,0.5685522531160115,8,CF
0.9231589159570724,0.875,0.8944767478712174,1.0,0.9,0.7593480345158198,8,CF
0.8155335213563147,0.8055555555555556,0.8149580519916495,0.8260869565217391,0.8326923076923077,0.7718120805369127,8,CF
0.711610047510582,0.875,0.6598301425317459,0.6,0.7307692307692307,0.675934803451582,4,CF
0.4929058079897752,0.5625,0.7733602811121825,0.1428571428571429,0.8730769230769231,0.9223394055608821,4,CF
0.7991787483763556,0.88,0.7318219594147815,0.7857142857142857,0.9865384615384616,0.900287631831256,4,CF
0.498418021136974,0.44,0.7825267906836493,0.2727272727272727,0.9538461538461539,0.9424736337488016,6,CF
0.9188909830712918,1.0,0.7566729492138756,1.0,0.9615384615384616,0.9424736337488016,6,CF
0.7314695753749927,0.64,0.7766309483472004,0.7777777777777778,0.9423076923076923,0.9443911792905082,6,CF
0.7640952559216769,0.68,0.8850130404923038,0.7272727272727273,0.8192307692307692,0.9395973154362416,8,CF
0.5555545592203196,0.8125,0.8541636776609587,0.0,0.9634615384615385,0.950143815915628,8,CF
0.7730877590316635,0.875,0.7775966104283237,0.6666666666666667,0.9403846153846154,0.9415148609779482,8,CF
0.6238800400037653,0.75,0.7216401200112957,0.4,0.6307692307692307,0.7871524448705657,4,CF
0.6678516267861054,0.72,0.6585548803583164,0.625,0.9461538461538461,0.9520613614573347,4,CF
0.6504696053715853,0.8125,0.7389088161147559,0.4,1,0.8494726749760306,4,CF
0.5074085680392407,0.6875,0.8347257041177223,0.0,0.9596153846153846,0.9434324065196549,6,CF
0.9311609924058621,1.0,0.7934829772175864,1.0,0.9557692307692308,0.9520613614573347,6,CF
0.8512763226250705,0.75,0.8038289678752113,1.0,0.8442307692307692,0.9319271332694151,6,CF
0.5635872751226979,0.44,0.8871254617317299,0.36363636363636365,0.9538461538461539,0.9395973154362416,8,CF
0.5555545592203196,0.8125,0.8541636776609587,0.0,0.9173076923076923,0.9578139980824545,8,CF
0.8799242424242424,0.8125,0.8272727272727273,1.0,0.925,0.9300095877277086,8,CF
0.6572522007884322,0.8125,0.7592566023652966,0.4,0.8557692307692307,0.8887823585810163,4,CF
0.4051636501707798,0.5,0.7154909505123395,0.0,0.8980769230769231,0.9271332694151486,4,CF
0.5876982108242368,0.75,0.8130946324727105,0.19999999999999996,0.9673076923076923,0.8906999041227229,4,CF
0.512294891823294,0.6875,0.8493846754698822,0.0,0.9576923076923077,0.9424736337488016,6,CF
0.918087028584798,1.0,0.7542610857543938,1.0,0.9019230769230769,0.9319271332694151,6,CF
0.8075189324907986,0.625,0.7975567974723957,1.0,0.8923076923076924,0.9319271332694151,6,CF
0.4510048415500681,0.5,0.8530145246502043,0.0,0.8288461538461539,0.9415148609779482,8,CF
0.6136106795275386,0.9375,0.9033320385826158,0.0,0.9903846153846154,0.9453499520613614,8,CF
0.9257804182804182,0.9375,0.8398412548412547,1.0,0.9365384615384615,0.9175455417066155,8,CF
0.7196599447310746,0.8125,0.7464798341932238,0.6,0.19230769230769232,0.6586768935762224,4,CF
0.48238394507127086,0.5,0.8042946923566697,0.1428571428571429,0.7692307692307693,0.6442953020134228,4,CF
0.7392567225682422,0.8,0.7749130248475834,0.6428571428571428,0.8711538461538462,0.9146692233940557,4,CF
0.4980639564021314,0.625,0.8691918692063941,0.0,0.8115384615384615,0.8092042186001918,6,CF
0.9188909830712918,1.0,0.7566729492138756,1.0,0.8711538461538462,0.7948226270373921,6,CF
0.7681376746415927,0.72,0.8066352461470002,0.7777777777777778,0.8153846153846154,0.9031639501438159,6,CF
0.7683096037335452,0.68,0.8976560839279082,0.7272727272727273,0.8057692307692308,0.8015340364333653,8,CF
0.5555545592203196,0.8125,0.8541636776609587,0.0,0.95,0.7219558964525408,8,CF
0.916110492451596,1.0,0.7483314773547882,1.0,0.8576923076923076,0.7497603068072867,8,CF
0.4057123885335454,0.5,0.7171371656006362,0.0,0.6596153846153846,0.7861936720997124,4,CF
0.6348149905421024,0.64,0.6394449716263073,0.625,0.7346153846153847,0.8993288590604027,4,CF
0.6647480366008559,0.8125,0.7817441098025678,0.4,0.8634615384615385,0.8945349952061361,4,CF
0.5635917702299821,0.8125,0.8782753106899461,0.0,0.9403846153846154,0.7545541706615532,6,CF
0.9103276590725288,0.9375,0.7934829772175864,1.0,0.9596153846153846,0.7094918504314478,6,CF
0.8379074554073962,0.8055555555555556,0.8081668106666329,0.9,0.8076923076923077,0.7804410354745925,6,CF
0.5371059180560791,0.44,0.8076813905318735,0.36363636363636365,0.8307692307692308,0.7334611697027804,8,CF
0.5555545592203196,0.8125,0.8541636776609587,0.0,0.8711538461538462,0.6030680728667306,8,CF
0.6626617514666174,0.8125,0.8421519210665189,0.33333333333333337,0.7980769230769231,0.738255033557047,8,CF
0.4464661986891187,0.5625,0.7768985960673559,0.0,0.6019230769230769,0.8485139022051774,4,CF
0.4051636501707798,0.5,0.7154909505123395,0.0,0.7365384615384616,0.7516778523489933,4,CF
0.6886135167331799,0.68,0.8144119787709684,0.5714285714285714,0.8538461538461538,0.7593480345158198,4,CF
0.5602477140414864,0.8125,0.8682431421244593,0.0,0.9134615384615384,0.7209971236816874,6,CF
0.918087028584798,1.0,0.7542610857543938,1.0,0.8288461538461539,0.7181208053691275,6,CF
0.818102629222467,0.76,0.805418998778512,0.8888888888888888,0.676923076923077,0.8993288590604027,6,CF
0.6482281231174839,0.625,0.8196843693524516,0.5,0.7865384615384615,0.7401725790987536,8,CF
0.5546972156848993,0.8125,0.8515916470546979,0.0,0.8134615384615385,0.7219558964525408,8,CF
0.928356333030246,1.0,0.785068999090738,1.0,0.7653846153846153,0.7593480345158198,8,CF
0.44334085962673253,0.5625,0.7675225788801975,0.0,0.5615384615384615,0.7603068072866731,4,SF
0.45071827682788546,0.375,0.8342976876265135,0.1428571428571429,0.675,0.6701821668264621,4,SF
0.5586368791730955,0.625,0.8509106375192863,0.19999999999999996,0.7961538461538461,0.7027804410354745,4,SF
0.5527027572983406,0.75,0.9081082718950217,0.0,0.5615384615384615,0.713326941514861,6,SF
1.0,1.0,1.0,1.0,0.8211538461538461,0.6481303930968361,6,SF
0.822996737099337,0.6875,0.781490211298011,1.0,0.7346153846153847,0.7909875359539789,6,SF
0.6078579509760685,0.5625,0.7610738529282056,0.5,0.7634615384615384,0.7334611697027804,8,SF
0.3887716560818208,0.3125,0.8538149682454624,0.0,0.675,0.7315436241610739,8,SF
0.8613144840791426,0.8125,0.7714434522374274,1.0,0.7846153846153846,0.7459252157238735,8,SF
0.46001570676066955,0.625,0.7550471202820085,0.0,0.5826923076923077,0.800575263662512,4,SF
0.515821449443266,0.5,0.7617500626155123,0.2857142857142857,0.6596153846153846,0.697986577181208,4,SF
0.6655897321957776,0.75,0.8467691965873326,0.4,0.7942307692307692,0.5896452540747843,4,SF
0.5318694239650072,0.6875,0.9081082718950217,0.0,0.6519230769230769,0.7219558964525408,6,SF
0.8988423152599347,0.875,0.8215269457798041,1.0,0.7076923076923077,0.6682646212847555,6,SF
0.822996737099337,0.6875,0.781490211298011,1.0,0.6903846153846154,0.7861936720997124,6,SF
0.44014968380397607,0.5,0.8204490514119283,0.0,0.75,0.7679769894534996,8,SF
0.5602477140414864,0.8125,0.8682431421244593,0.0,0.7769230769230769,0.710450623202301,8,SF
0.6682794728493354,0.5625,0.7756717518813396,0.6666666666666667,0.698076923076923,0.6270373921380633,8,SF
0.7741330080996827,0.875,0.8473990242990481,0.6,0.7442307692307693,0.710450623202301,4,SF
0.515821449443266,0.5,0.7617500626155123,0.2857142857142857,0.6903846153846154,0.7027804410354745,4,SF
0.8569524219849048,0.875,0.8958572659547143,0.8,0.8576923076923076,0.5848513902205177,4,SF
0.8443694239650071,0.625,0.9081082718950217,1.0,0.45,0.5503355704697986,6,SF
0.9430220883534136,0.9375,0.891566265060241,1.0,0.85,0.6960690316395014,6,SF
0.8084404335756262,0.625,0.8003213007268788,1.0,0.7942307692307692,0.8322147651006712,6,SF
0.6078579509760685,0.5625,0.7610738529282056,0.5,0.8442307692307692,0.8705656759348035,8,SF
0.5602477140414864,0.8125,0.8682431421244593,0.0,0.8673076923076923,0.5714285714285714,8,SF
0.7033652042283737,0.6875,0.7559289460184545,0.6666666666666667,0.5846153846153846,0.7698945349952061,8,SF
0.7685546572168943,0.7551020408163265,0.7610882466238301,0.7894736842105263,0.8653846153846154,0.9300095877277086,4,SF
0.74523459319014,0.5625,0.8160609224275623,0.8571428571428572,0.26346153846153847,0.027804410354745925,4,SF
0.39584017507027536,0.3125,0.8750205252108261,0.0,0.9961538461538462,0.99712368168744,4,SF
0.520666583436905,0.6875,0.8744997503107149,0.0,0.9846153846153847,0.9520613614573347,6,SF
0.623540170974025,0.8125,0.7247871795887415,0.33333333333333337,0.8711538461538462,0.6922339405560882,6,SF
0.9030346227496896,0.875,0.8341038682490691,1.0,0.8115384615384615,0.7027804410354745,6,SF
0.6898445479250288,0.6875,0.8820336437750866,0.5,0.7269230769230769,0.9798657718120806,8,SF
0.8495004896263273,0.6875,0.861001468878982,1.0,1.0076923076923077,0.9837008628954937,8,SF
0.903394087533942,0.875,0.8351822626018263,1.0,0.9826923076923076,0.9261744966442953,8,SF
0.5381979378112962,0.6875,0.7270938134338887,0.19999999999999996,0.7884615384615384,0.8302972195589645,4,SF
0.830991691094957,0.84,0.8404750732848711,0.8125,0.9653846153846154,0.8935762224352828,4,SF
0.5330041578459618,0.6875,0.7115124735378854,0.19999999999999996,0.6288461538461538,0.9702780441035475,4,SF
0.49185723253233044,0.6875,0.7880716975969911,0.0,0.9711538461538461,0.87535953978907,6,SF
0.7602785704349482,0.8125,0.8016690446381777,0.6666666666666667,0.5211538461538462,0.763183125599233,6,SF
0.8933413013117506,0.8125,0.8675239039352518,1.0,0.8692307692307693,0.785234899328859,6,SF
0.5383112794424839,0.8125,0.8024338383274515,0.0,0.9846153846153847,0.9904122722914669,8,SF
0.6336392886240274,0.56,0.8409178658720822,0.5,1.0096153846153846,0.9942473633748802,8,SF
0.7256432596721983,0.75,0.7602631123499285,0.6666666666666667,0.9865384615384616,0.8859060402684564,8,SF
0.573634774990739,0.75,0.770904324972217,0.19999999999999996,1.001923076923077,0.9693192713326941,4,SF
0.830991691094957,0.84,0.8404750732848711,0.8125,1.0134615384615384,0.925215723873442,4,SF
0.4670380000387551,0.625,0.7761140001162655,0.0,0.8596153846153847,0.8398849472674976,4,SF
0.5516065242115539,0.8125,0.8423195726346616,0.0,0.9942307692307693,0.8983700862895494,6,SF
0.6371763624102106,0.8125,0.7656957538972985,0.33333333333333337,0.7980769230769231,0.7641418983700863,6,SF
0.9300308161067546,0.875,0.915092448320264,1.0,0.9384615384615385,0.8619367209971237,6,SF
0.5412949277328069,0.75,0.8738847831984206,0.0,0.8826923076923077,0.9434324065196549,8,SF
0.8630847758054275,0.75,0.8392543274162825,1.0,1.0057692307692307,0.8791946308724832,8,SF
0.7389100744166992,0.8125,0.737563556583431,0.6666666666666667,0.9923076923076923,0.9578139980824545,8,SF
0.6494071606500252,0.75,0.7982214819500759,0.4,0.8346153846153846,0.5330776605944392,4,SF
0.46960142753448303,0.5,0.765947139746306,0.1428571428571429,0.9653846153846154,0.6088207094918504,4,SF
0.4841958708417177,0.4375,0.815087612525153,0.19999999999999996,0.9903846153846154,0.5647171620325983,4,SF
0.4980169917185388,0.6875,0.8065509751556162,0.0,0.8923076923076924,0.7564717162032598,6,SF
0.6513658098736844,0.8125,0.8082640962877198,0.33333333333333337,1.0057692307692307,0.7075743048897412,6,SF
0.8346812622707489,0.6875,0.8165437868122466,1.0,0.8865384615384615,0.585810162991371,6,SF
1.0,1.0,1.0,1.0,0.9346153846153846,0.7296260786193672,8,SF
1.0,1.0,1.0,1.0,0.9769230769230769,0.710450623202301,8,SF
0.8024998423508132,0.84,0.7341661937191061,0.8333333333333334,0.8576923076923076,0.6644295302013423,8,SF
0.7770265009533368,0.8,0.7453652171457246,0.7857142857142857,0.9519230769230769,0.5723873441994247,4,SF
0.5929475694619079,0.5,0.8502712798142947,0.4285714285714286,0.7365384615384616,0.6001917545541706,4,SF
0.669811218264042,0.6326530612244898,0.7188858567255305,0.6578947368421053,0.9134615384615384,0.6116970278044104,4,SF
0.5369239115284206,0.8125,0.7982717345852616,0.0,0.8326923076923077,0.6912751677852349,6,SF
0.9703477859714766,1.0,0.9110433579144298,1.0,0.8211538461538461,0.663470757430489,6,SF
0.8549005328694901,0.75,0.8147015986084701,1.0,0.9769230769230769,0.6174496644295302,6,SF
0.6995520403292352,0.8125,0.7861561209877058,0.5,0.8365384615384616,0.6692233940556088,8,SF
0.9599966669274659,0.9375,0.9424900007823973,1.0,0.9942307692307693,0.6768935762224353,8,SF
0.8183089702741277,0.7777777777777778,0.8075839156533009,0.8695652173913043,0.8653846153846154,0.7325023969319271,8,SF
0.54428533083331,0.6875,0.7453559924999299,0.19999999999999996,0.9211538461538461,0.725790987535954,4,SF
0.6196784088438951,0.625,0.8054637979602569,0.4285714285714286,1.001923076923077,0.6912751677852349,4,SF
0.5636778496057678,0.52,0.7424621202458749,0.4285714285714286,0.6865384615384615,0.6155321188878236,4,SF
0.5095648132260252,0.6875,0.8411944396780757,0.0,0.9846153846153847,0.6021093000958773,6,SF
0.8365966408701757,0.8,0.8764565892771938,0.8333333333333334,0.7788461538461539,0.6778523489932886,6,SF
0.8776144794491266,0.6875,0.9453434383473802,1.0,0.9730769230769231,0.6289549376797698,6,SF
0.7093390457592141,0.8125,0.8155171372776423,0.5,0.8596153846153847,0.7593480345158198,8,SF
0.5466627729933232,0.75,0.8899883189799697,0.0,0.9865384615384616,0.5234899328859061,8,SF
0.8487066614581806,0.7959183673469388,0.8890905059164917,0.8611111111111112,0.8192307692307692,0.7267497603068073,8,SF
0.4699540876769324,0.625,0.7848622630307973,0.0,0.5557692307692308,0.49760306807286675,4,SF
0.7252151335950572,0.7346938775510204,0.6909515232341512,0.75,0.6653846153846154,0.6845637583892618,4,SF
0.7772078702738047,0.8,0.8173378965356997,0.7142857142857143,0.5923076923076923,0.5934803451581975,4,SF
0.5075353142891498,0.6875,0.8351059428674495,0.0,1.0173076923076922,0.7027804410354745,6,SF
0.4559695779349595,0.5625,0.8054087338048787,0.0,0.8730769230769231,0.6778523489932886,6,SF
0.8676675137413534,0.8125,0.7905025412240602,1.0,0.8557692307692307,0.6433365292425696,6,SF
0.5108360150191666,0.75,0.7825080450574998,0.0,0.9,0.6673058485139022,8,SF
0.5339017290841568,0.8125,0.7892051872524705,0.0,0.8653846153846154,0.8111217641418984,8,SF
0.8284456282114805,0.8125,0.790483943457971,0.8823529411764706,0.5596153846153846,0.6318312559923298,8,SF
0.7190653405309457,0.75,0.6871960215928373,0.72,0.7173076923076923,0.4276126558005753,4,SF
0.5378490029599794,0.5,0.8278327231656524,0.2857142857142857,0.7192307692307692,0.7603068072866731,4,SF
0.7663830773066768,0.8333333333333334,0.665815898586697,0.8,0.5230769230769231,0.663470757430489,4,SF
0.7672212972145794,0.7551020408163265,0.7751332793988405,0.7714285714285715,0.9557692307692308,0.775647171620326,6,SF
0.5165969695258489,0.6875,0.8622909085775465,0.0,0.7057692307692308,0.6586768935762224,6,SF
0.7931786554785006,0.7222222222222222,0.9073137442132799,0.75,0.6211538461538462,0.6951102588686481,6,SF
0.6742204632022148,0.68,0.797206844152099,0.5454545454545454,1.001923076923077,0.5781399808245445,8,SF
0.8916666666666666,0.875,0.8,1.0,0.6942307692307692,0.725790987535954,8,SF
0.7655468853662498,0.7222222222222222,0.7483314773547882,0.8260869565217391,0.9211538461538461,0.7679769894534996,8,SF
0.54428533083331,0.6875,0.7453559924999299,0.19999999999999996,0.7826923076923077,0.5234899328859061,4,SF
0.515821449443266,0.5,0.7617500626155123,0.2857142857142857,0.5942307692307692,0.8485139022051774,4,SF
0.6498342287778464,0.75,0.799502686333539,0.4,0.7134615384615385,0.7708533077660594,4,SF
0.7075298037311638,0.68,0.806225774829855,0.6363636363636364,0.8307692307692308,0.7353787152444871,6,SF
0.6851145362492407,0.875,0.8470102754143884,0.33333333333333337,0.6038461538461538,0.675934803451582,6,SF
0.8953900709219859,0.75,0.9361702127659575,1.0,0.9711538461538461,0.716203259827421,6,SF
0.6833341075177662,0.75,0.800002322553299,0.5,0.9692307692307692,0.6567593480345159,8,SF
0.5672332627076518,0.875,0.8266997881229556,0.0,0.8134615384615385,0.7440076701821668,8,SF
0.7942397666996612,0.75,0.8066323435772447,0.8260869565217391,0.7538461538461538,0.6893576222435283,8,SF
0.7496580226825861,0.76,0.7746883537620438,0.7142857142857143,0.6153846153846154,0.5934803451581975,4,SF
0.4731657097190653,0.5625,0.7141399863000529,0.1428571428571429,0.7230769230769231,0.9108341323106424,4,SF
0.6123725465122362,0.6875,0.7496176395367088,0.4,0.7538461538461538,0.7737296260786194,4,SF
0.7594136052572841,0.76,0.790968088499125,0.7272727272727273,0.8346153846153846,0.8360498561840843,6,SF
0.48401221530644717,0.6875,0.7645366459193415,0.0,0.948076923076923,0.6241610738255033,6,SF
0.8570883036319633,0.75,0.82126491089589,1.0,0.8057692307692308,0.9271332694151486,6,SF
0.5255361496495913,0.6875,0.889108448948774,0.0,1.0115384615384615,0.7718120805369127,8,SF
0.871971365646032,0.8367346938775511,0.8674146971781916,0.9117647058823529,0.9826923076923076,0.9022051773729626,8,SF
0.7389100744166992,0.8125,0.737563556583431,0.6666666666666667,0.9711538461538461,0.8974113135186961,8,SF
0.8095553228479185,0.84,0.8029516828294699,0.7857142857142857,0.6211538461538462,0.6538830297219559,4,SF
0.49408561626067143,0.5625,0.7768997059248713,0.1428571428571429,0.7634615384615384,0.9645254074784276,4,SF
0.6679676787479222,0.72,0.712474464815195,0.5714285714285714,0.8134615384615385,0.7325023969319271,4,SF
0.514542338634135,0.75,0.793627015902405,0.0,0.9288461538461539,0.7641418983700863,6,SF
0.517300268976444,0.6875,0.864400806929332,0.0,0.9730769230769231,0.7123681687440077,6,SF
0.8033446358058205,0.7222222222222222,0.9378116851952389,0.75,0.8884615384615384,0.9319271332694151,6,SF
0.546113379671778,0.8125,0.8258401390153339,0.0,1.0269230769230768,0.8216682646212847,8,SF
0.8830619265752869,0.8367346938775511,0.9006863799659567,0.9117647058823529,0.9653846153846154,0.9367209971236817,8,SF
0.7256432596721983,0.75,0.7602631123499285,0.6666666666666667,0.9807692307692307,0.9424736337488016,8,SF
0.6073453637232124,0.6875,0.734536091169637,0.4,0.6442307692307693,0.6711409395973155,4,SF
0.4202093658677904,0.5625,0.6981280976033711,0.0,0.9,0.9741131351869607,4,SF
0.665654846850912,0.8125,0.7844645405527362,0.4,0.7980769230769231,0.7555129434324065,4,SF
0.5033317859124732,0.625,0.8849953577374196,0.0,0.9673076923076923,0.7929050814956855,6,SF
0.49155343431085957,0.6875,0.7871603029325785,0.0,0.9826923076923076,0.7535953978907,6,SF
0.8343453583130626,0.75,0.9530360749391875,0.8,0.9076923076923077,0.9376797698945349,6,SF
0.5618493685208357,0.8125,0.8730481055625071,0.0,1.0403846153846155,0.8446788111217641,8,SF
0.8384861627667272,0.7755102040816326,0.8870071077479607,0.8529411764705882,0.9788461538461538,0.9415148609779482,8,SF
0.7389100744166992,0.8125,0.737563556583431,0.6666666666666667,0.9769230769230769,0.9568552253116012,8,SF
0.5757482902358285,0.75,0.7772448707074855,0.19999999999999996,0.7326923076923076,0.5407478427612655,4,SF
0.6367559317444947,0.5833333333333334,0.7343418693075583,0.5925925925925926,0.6269230769230769,0.6701821668264621,4,SF
0.6461368791730954,0.6875,0.8509106375192863,0.4,0.875,0.74784276126558,4,SF
0.8614589771075841,0.75,0.8343769313227525,1.0,0.7519230769230769,0.6836049856184084,6,SF
0.6287805866830789,0.75,0.8030084267159033,0.33333333333333337,0.9115384615384615,0.7037392138063279,6,SF
0.8177646288934355,0.7777777777777778,0.8255161089025289,0.85,0.8115384615384615,0.7392138063279002,6,SF
0.5543086841890278,0.75,0.9129260525670831,0.0,0.8826923076923077,0.7056567593480345,8,SF
0.5916594253814473,0.9375,0.837478276144342,0.0,0.6480769230769231,0.697986577181208,8,SF
0.7613837128555304,0.8125,0.8049844718999243,0.6666666666666667,0.9019230769230769,0.8609779482262704,8,SF
0.7593531455097603,0.875,0.8030594365292809,0.6,0.49423076923076925,0.4947267497603068,4,SF
0.7028904211032,0.6388888888888888,0.8031157077540444,0.6666666666666667,0.698076923076923,0.7238734419942474,4,SF
0.7477825137913675,0.84,0.689061827088388,0.7142857142857143,0.9076923076923077,0.6375838926174496,4,SF
0.5343474162292087,0.75,0.853042248687626,0.0,0.8576923076923076,0.6366251198465963,6,SF
0.9602462857328559,1.0,0.8807388571985678,1.0,0.9230769230769231,0.638542665388303,6,SF
0.8461746632265048,0.78125,0.903107323012848,0.8541666666666666,0.6903846153846154,0.7842761265580057,6,SF
0.45203600145585593,0.5625,0.7936080043675677,0.0,0.6846153846153846,0.7564717162032598,8,SF
0.5555545592203196,0.8125,0.8541636776609587,0.0,0.8846153846153846,0.675934803451582,8,SF
0.5840195755509036,0.625,0.7937253933193772,0.33333333333333337,0.8961538461538462,0.8609779482262704,8,SF
0.45067987249968905,0.6875,0.6645396174990672,0.0,0.5153846153846153,0.5637583892617449,4,SF
0.6710894772338337,0.6938775510204082,0.6193908806810933,0.7,0.7038461538461539,0.6970278044103547,4,SF
0.7685421080129928,0.84,0.7513406097532642,0.7142857142857143,0.8442307692307692,0.6078619367209971,4,SF
0.5475702035621612,0.75,0.8927106106864836,0.0,0.7346153846153847,0.7305848513902206,6,SF
0.9508025305890587,1.0,0.8524075917671763,1.0,0.9403846153846154,0.613614573346117,6,SF
0.8463190410765765,0.765625,0.9191654565630628,0.8541666666666666,0.7826923076923077,0.8734419942473634,6,SF
0.45561594202898553,0.5625,0.8043478260869565,0.0,0.8461538461538461,0.7296260786193672,8,SF
0.557970347764355,0.8125,0.8614110432930648,0.0,0.9288461538461539,0.700862895493768,8,SF
0.8451604359162678,0.8,0.90214797441547,0.8333333333333334,0.9173076923076923,0.7775647171620326,8,SF
0.7414953751083585,0.875,0.7494861253250753,0.6,0.7903846153846154,0.6011505273250239,4,SF
0.6578289043512582,0.6388888888888888,0.7049681945352559,0.6296296296296297,0.8576923076923076,0.6442953020134228,4,SF
0.759139785491045,0.6,0.8202764993302779,0.8571428571428572,0.725,0.6327900287631831,4,SF
0.5046631422179252,0.6875,0.8264894266537754,0.0,0.7134615384615385,0.7804410354745925,6,SF
0.6634936109824167,0.875,0.7821474996139165,0.33333333333333337,0.7461538461538462,0.6337488015340365,6,SF
0.7875744192597524,0.7222222222222222,0.7905010355570349,0.85,0.7173076923076923,0.822627037392138,6,SF
0.4544669563504164,0.5,0.863400869051249,0.0,0.8326923076923077,0.75071907957814,8,SF
0.588191398354096,0.9375,0.8270741950622876,0.0,0.6461538461538462,0.775647171620326,8,SF
0.9466666666666667,1.0,0.84,1.0,0.8173076923076923,0.7976989453499521,8,SF
0.6606268235732258,0.8125,0.7693804707196773,0.4,0.7211538461538461,0.5541706615532119,4,SF
0.840237837484945,0.828125,0.819861239727562,0.8727272727272728,0.7942307692307692,0.5819750719079578,4,SF
0.7576262541783444,0.84,0.7185930482493189,0.7142857142857143,0.8211538461538461,0.8312559923298178,4,SF
0.6260610634014285,0.1875,0.6906831902042856,1.0,0.5923076923076923,0.7190795781399808,6,SF
0.9602462857328559,1.0,0.8807388571985678,1.0,0.7769230769230769,0.6778523489932886,6,SF
0.8033446358058205,0.7222222222222222,0.9378116851952389,0.75,0.8769230769230769,0.8926174496644296,6,SF
0.733613379671778,0.875,0.8258401390153339,0.5,0.6826923076923077,0.8370086289549377,8,SF
0.6136106795275386,0.9375,0.9033320385826158,0.0,0.8365384615384616,0.9069990412272292,8,SF
0.6459450056110759,0.8125,0.7920016834998942,0.33333333333333337,0.8365384615384616,0.700862895493768,8,SF
0.5652892457160901,0.75,0.7458677371482704,0.19999999999999996,0.6346153846153846,0.6251198465963567,4,SF
0.6938475528507589,0.7346938775510204,0.6218487810012564,0.725,0.7269230769230769,0.6807286673058485,4,SF
0.7906777980336891,0.8055555555555556,0.8064778385455118,0.76,0.7923076923076923,0.7018216682646213,4,SF
0.5596566170104812,0.875,0.8039698510314434,0.0,0.7576923076923077,0.7468839884947267,6,SF
0.5117419787388231,0.6875,0.8477259362164693,0.0,0.8865384615384615,0.6768935762224353,6,SF
0.8343453583130626,0.75,0.9530360749391875,0.8,0.7634615384615384,0.7535953978907,6,SF
0.4701086956521739,0.5625,0.8478260869565217,0.0,0.8653846153846154,0.7804410354745925,8,SF
0.9378642981469835,0.9375,0.8760928944409505,1.0,0.8634615384615385,0.9108341323106424,8,SF
0.9327075991897988,1.0,0.7981227975693966,1.0,0.8173076923076923,0.840843720038351,8,SF
0.48429176010731395,0.6875,0.7653752803219419,0.0,0.5673076923076923,0.8178331735378715,4,SF
0.5522953423093908,0.6875,0.6836717412138867,0.2857142857142857,0.7096153846153846,0.6816874400767018,4,SF
0.6694494993791033,0.6875,0.9208484981373098,0.4,0.8923076923076924,0.887823585810163,4,SF
0.5254964755512584,0.75,0.8264894266537754,0.0,0.926923076923077,0.8696069031639502,6,SF
0.9389176782950467,1.0,0.8167530348851401,1.0,0.7769230769230769,0.8935762224352828,6,SF
0.8177646288934355,0.7777777777777778,0.8255161089025289,0.85,0.8326923076923077,0.912751677852349,6,SF
0.43989478978415053,0.5,0.8196843693524516,0.0,0.8903846153846153,0.8897411313518696,8,SF
0.6535826286893139,0.5833333333333334,0.8059859813060372,0.5714285714285714,0.8461538461538461,0.6615532118887824,8,SF
0.9466666666666667,1.0,0.84,1.0,0.8038461538461539,0.6999041227229147,8,SF
0.8468531455097604,0.9375,0.8030594365292809,0.8,0.7423076923076923,0.8120805369127517,4,SF
0.7230464091973436,0.6944444444444444,0.7709910794438827,0.7037037037037037,0.8730769230769231,0.8887823585810163,4,SF
0.7576262541783444,0.84,0.7185930482493189,0.7142857142857143,0.9326923076923077,0.788111217641419,4,SF
0.5136560294997083,0.75,0.790968088499125,0.0,0.95,0.7440076701821668,6,SF
0.8002162457164864,0.9375,0.7964820704827925,0.6666666666666667,0.8634615384615385,0.9213806327900288,6,SF
0.7612918361140167,0.6666666666666666,0.8672088416753839,0.75,0.725,0.9060402684563759,6,SF
0.6705437963836453,0.6875,0.8241313891509356,0.5,0.875,0.763183125599233,8,SF
0.5782923057453039,0.52,0.8148769172359114,0.4,0.7653846153846153,0.37296260786193675,8,SF
0.7880911687800985,0.8333333333333334,0.7483314773547882,0.782608695652174,0.8711538461538462,0.8101629913710451,8,SF
0.4584519340122461,0.6875,0.6878558020367382,0.0,0.7153846153846154,0.7526366251198466,4,SF
0.6719087773405549,0.6938775510204082,0.6218487810012564,0.7,0.8884615384615384,0.6931927133269415,4,SF
0.751983925109951,0.8,0.8130946324727105,0.6428571428571428,0.9326923076923077,0.8465963566634708,4,SF
0.5149572649572649,0.75,0.7948717948717948,0.0,0.9442307692307692,0.8638542665388304,6,SF
0.6318886595502992,0.8125,0.749832645317564,0.33333333333333337,0.9096153846153846,0.9367209971236817,6,SF
0.8343453583130626,0.75,0.9530360749391875,0.8,0.8423076923076923,0.8811121764141898,6,SF
0.6856884057971014,0.6875,0.8695652173913043,0.5,0.9076923076923077,0.9050814956855225,8,SF
0.5387497180179911,0.75,0.8662491540539735,0.0,0.6153846153846154,0.4084372003835091,8,SF
0.9327075991897988,1.0,0.7981227975693966,1.0,0.8519230769230769,0.7315436241610739,8,SF
0.44162630805124187,0.625,0.6998789241537255,0.0,0.3576923076923077,0.27804410354745923,4,SF
0.7400445520363043,0.7551020408163265,0.6900316152925862,0.775,0.4346153846153846,0.23202301054650049,4,SF
0.45792622261966737,0.5625,0.811278667859002,0.0,0.40576923076923077,0.32502396931927136,4,SF
0.4797074346249335,0.625,0.8141223038748004,0.0,0.4115384615384615,0.4189837008628955,6,SF
0.5433579771099804,0.8125,0.8175739313299412,0.0,0.36538461538461536,0.3451581975071908,6,SF
0.7890670765290447,0.76,0.8294234518093563,0.7777777777777778,0.5480769230769231,0.40076701821668265,6,SF
0.7894150265583995,0.8,0.8409723524024709,0.7272727272727273,0.5153846153846153,0.3192713326941515,8,SF
0.7725840401835686,0.7755102040816326,0.7481242694102499,0.7941176470588236,0.45576923076923076,0.3288590604026846,8,SF
0.46206735229995194,0.625,0.7612020568998559,0.0,0.6423076923076924,0.2684563758389262,8,SF
0.43317690745599774,0.5625,0.7370307223679932,0.0,0.33653846153846156,0.3336529242569511,4,SF
0.8919640070723837,0.921875,0.8449261121262418,0.9090909090909091,0.3557692307692308,0.24544582933844677,4,SF
0.4701183187714273,0.625,0.7853549563142818,0.0,0.3557692307692308,0.28187919463087246,4,SF
0.5146010678799581,0.75,0.7938032036398742,0.0,0.4423076923076923,0.3604985618408437,6,SF
0.5265789713475097,0.8125,0.7672369140425294,0.0,0.4307692307692308,0.3547459252157239,6,SF
0.8814674085818982,0.8125,0.8319022257456946,1.0,0.45384615384615384,0.4046021093000959,6,SF
0.6746284732982971,0.72,0.758430874440346,0.5454545454545454,0.3576923076923077,0.25023969319271333,8,SF
0.6456844656620286,0.64,0.7970533969860858,0.5,0.4826923076923077,0.3854266538830297,8,SF
0.7457971886474049,0.7222222222222222,0.8195171698069489,0.6956521739130435,0.7826923076923077,0.3959731543624161,8,SF
0.516331697543884,0.6875,0.6614950926316517,0.19999999999999996,0.375,0.3451581975071908,4,SF
0.8150300327706149,0.8888888888888888,0.6812012094229561,0.875,0.38076923076923075,0.26462128475551294,4,SF
0.46564341187234987,0.625,0.7719302356170498,0.0,0.38846153846153847,0.2914669223394056,4,SF
0.48981846487677466,0.6875,0.7819553946303239,0.0,0.4173076923076923,0.3259827420901246,6,SF
0.5277974877577937,0.8125,0.7708924632733811,0.0,0.475,0.31543624161073824,6,SF
0.9090414637779758,0.875,0.8521243913339274,1.0,0.38653846153846155,0.3796740172579099,6,SF
0.5280542491994974,0.75,0.8341627475984923,0.0,0.4307692307692308,0.22818791946308725,8,SF
0.8218356948620286,0.7755102040816326,0.8370557040338649,0.8529411764705882,0.47884615384615387,0.35282837967401726,8,SF
0.7974709817981617,0.875,0.8507462787278184,0.6666666666666667,0.5346153846153846,0.3211888782358581,8,SF
