,Overlap
0,0.0
1,0.0
2,0.0
3,0.0
4,0.0
5,0.0
6,0.0
7,0.0
8,0.0
9,0.25
10,0.25
11,0.25
12,0.25
13,0.25
14,0.25
15,0.25
16,0.25
17,0.25
18,0.5
19,0.5
20,0.5
21,0.5
22,0.5
23,0.5
24,0.5
25,0.5
26,0.5
27,0.0
28,0.0
29,0.0
30,0.0
31,0.0
32,0.0
33,0.0
34,0.0
35,0.0
36,0.25
37,0.25
38,0.25
39,0.25
40,0.25
41,0.25
42,0.25
43,0.25
44,0.25
45,0.5
46,0.5
47,0.5
48,0.5
49,0.5
50,0.5
51,0.5
52,0.5
53,0.5
54,0.0
55,0.0
56,0.0
57,0.0
58,0.0
59,0.0
60,0.0
61,0.0
62,0.0
63,0.25
64,0.25
65,0.25
66,0.25
67,0.25
68,0.25
69,0.25
70,0.25
71,0.25
72,0.5
73,0.5
74,0.5
75,0.5
76,0.5
77,0.5
78,0.5
79,0.5
80,0.5
81,0.0
82,0.0
83,0.0
84,0.0
85,0.0
86,0.0
87,0.0
88,0.0
89,0.0
90,0.25
91,0.25
92,0.25
93,0.25
94,0.25
95,0.25
96,0.25
97,0.25
98,0.25
99,0.5
100,0.5
101,0.5
102,0.5
103,0.5
104,0.5
105,0.5
106,0.5
107,0.5
108,0.0
109,0.0
110,0.0
111,0.0
112,0.0
113,0.0
114,0.0
115,0.0
116,0.0
117,0.25
118,0.25
119,0.25
120,0.25
121,0.25
122,0.25
123,0.25
124,0.25
125,0.25
126,0.5
127,0.5
128,0.5
129,0.5
130,0.5
131,0.5
132,0.5
133,0.5
134,0.5
135,0.0
136,0.0
137,0.0
138,0.0
139,0.0
140,0.0
141,0.0
142,0.0
143,0.0
144,0.25
145,0.25
146,0.25
147,0.25
148,0.25
149,0.25
150,0.25
151,0.25
152,0.25
153,0.5
154,0.5
155,0.5
156,0.5
157,0.5
158,0.5
159,0.5
160,0.5
161,0.5
162,0.0
163,0.0
164,0.0
165,0.0
166,0.0
167,0.0
168,0.0
169,0.0
170,0.0
171,0.25
172,0.25
173,0.25
174,0.25
175,0.25
176,0.25
177,0.25
178,0.25
179,0.25
180,0.5
181,0.5
182,0.5
183,0.5
184,0.5
185,0.5
186,0.5
187,0.5
188,0.5
189,0.0
190,0.0
191,0.0
192,0.0
193,0.0
194,0.0
195,0.0
196,0.0
197,0.0
198,0.25
199,0.25
200,0.25
201,0.25
202,0.25
203,0.25
204,0.25
205,0.25
206,0.25
207,0.5
208,0.5
209,0.5
210,0.5
211,0.5
212,0.5
213,0.5
214,0.5
215,0.5
216,0.0
217,0.0
218,0.0
219,0.0
220,0.0
221,0.0
222,0.0
223,0.0
224,0.0
225,0.25
226,0.25
227,0.25
228,0.25
229,0.25
230,0.25
231,0.25
232,0.25
233,0.25
234,0.5
235,0.5
236,0.5
237,0.5
238,0.5
239,0.5
240,0.5
241,0.5
242,0.5
243,0.0
244,0.0
245,0.0
246,0.0
247,0.0
248,0.0
249,0.0
250,0.0
251,0.0
252,0.25
253,0.25
254,0.25
255,0.25
256,0.25
257,0.25
258,0.25
259,0.25
260,0.25
261,0.5
262,0.5
263,0.5
264,0.5
265,0.5
266,0.5
267,0.5
268,0.5
269,0.5
270,0.0
271,0.0
272,0.0
273,0.0
274,0.0
275,0.0
276,0.0
277,0.0
278,0.0
279,0.25
280,0.25
281,0.25
282,0.25
283,0.25
284,0.25
285,0.25
286,0.25
287,0.25
288,0.5
289,0.5
290,0.5
291,0.5
292,0.5
293,0.5
294,0.5
295,0.5
296,0.5
297,0.0
298,0.0
299,0.0
300,0.0
301,0.0
302,0.0
303,0.0
304,0.0
305,0.0
306,0.25
307,0.25
308,0.25
309,0.25
310,0.25
311,0.25
312,0.25
313,0.25
314,0.25
315,0.5
316,0.5
317,0.5
318,0.5
319,0.5
320,0.5
321,0.5
322,0.5
323,0.5
324,0.0
325,0.0
326,0.0
327,0.0
328,0.0
329,0.0
330,0.0
331,0.0
332,0.0
333,0.25
334,0.25
335,0.25
336,0.25
337,0.25
338,0.25
339,0.25
340,0.25
341,0.25
342,0.5
343,0.5
344,0.5
345,0.5
346,0.5
347,0.5
348,0.5
349,0.5
350,0.5
351,0.0
352,0.0
353,0.0
354,0.0
355,0.0
356,0.0
357,0.0
358,0.0
359,0.0
360,0.25
361,0.25
362,0.25
363,0.25
364,0.25
365,0.25
366,0.25
367,0.25
368,0.25
369,0.5
370,0.5
371,0.5
372,0.5
373,0.5
374,0.5
375,0.5
376,0.5
377,0.5
378,0.0
379,0.0
380,0.0
381,0.0
382,0.0
383,0.0
384,0.0
385,0.0
386,0.0
387,0.25
388,0.25
389,0.25
390,0.25
391,0.25
392,0.25
393,0.25
394,0.25
395,0.25
396,0.5
397,0.5
398,0.5
399,0.5
400,0.5
401,0.5
402,0.5
403,0.5
404,0.5
405,0.0
406,0.0
407,0.0
408,0.0
409,0.0
410,0.0
411,0.0
412,0.0
413,0.0
414,0.25
415,0.25
416,0.25
417,0.25
418,0.25
419,0.25
420,0.25
421,0.25
422,0.25
423,0.5
424,0.5
425,0.5
426,0.5
427,0.5
428,0.5
429,0.5
430,0.5
431,0.5
432,0.0
433,0.0
434,0.0
435,0.0
436,0.0
437,0.0
438,0.0
439,0.0
440,0.0
441,0.25
442,0.25
443,0.25
444,0.25
445,0.25
446,0.25
447,0.25
448,0.25
449,0.25
450,0.5
451,0.5
452,0.5
453,0.5
454,0.5
455,0.5
456,0.5
457,0.5
458,0.5
459,0.0
460,0.0
461,0.0
462,0.0
463,0.0
464,0.0
465,0.0
466,0.0
467,0.0
468,0.25
469,0.25
470,0.25
471,0.25
472,0.25
473,0.25
474,0.25
475,0.25
476,0.25
477,0.5
478,0.5
479,0.5
480,0.5
481,0.5
482,0.5
483,0.5
484,0.5
485,0.5
729,0.0
730,0.0
731,0.0
732,0.0
733,0.0
734,0.0
735,0.0
736,0.0
737,0.0
738,0.25
739,0.25
740,0.25
741,0.25
742,0.25
743,0.25
744,0.25
745,0.25
746,0.25
747,0.5
748,0.5
749,0.5
750,0.5
751,0.5
752,0.5
753,0.5
754,0.5
755,0.5
756,0.0
757,0.0
758,0.0
759,0.0
760,0.0
761,0.0
762,0.0
763,0.0
764,0.0
765,0.25
766,0.25
767,0.25
768,0.25
769,0.25
770,0.25
771,0.25
772,0.25
773,0.25
774,0.5
775,0.5
776,0.5
777,0.5
778,0.5
779,0.5
780,0.5
781,0.5
782,0.5
783,0.0
784,0.0
785,0.0
786,0.0
787,0.0
788,0.0
789,0.0
790,0.0
791,0.0
792,0.25
793,0.25
794,0.25
795,0.25
796,0.25
797,0.25
798,0.25
799,0.25
800,0.25
801,0.5
802,0.5
803,0.5
804,0.5
805,0.5
806,0.5
807,0.5
808,0.5
809,0.5
810,0.0
811,0.0
812,0.0
813,0.0
814,0.0
815,0.0
816,0.0
817,0.0
818,0.0
819,0.25
820,0.25
821,0.25
822,0.25
823,0.25
824,0.25
825,0.25
826,0.25
827,0.25
828,0.5
829,0.5
830,0.5
831,0.5
832,0.5
833,0.5
834,0.5
835,0.5
836,0.5
837,0.0
838,0.0
839,0.0
840,0.0
841,0.0
842,0.0
843,0.0
844,0.0
845,0.0
846,0.25
847,0.25
848,0.25
849,0.25
850,0.25
851,0.25
852,0.25
853,0.25
854,0.25
855,0.5
856,0.5
857,0.5
858,0.5
859,0.5
860,0.5
861,0.5
862,0.5
863,0.5
864,0.0
865,0.0
866,0.0
867,0.0
868,0.0
869,0.0
870,0.0
871,0.0
872,0.0
873,0.25
874,0.25
875,0.25
876,0.25
877,0.25
878,0.25
879,0.25
880,0.25
881,0.25
882,0.5
883,0.5
884,0.5
885,0.5
886,0.5
887,0.5
888,0.5
889,0.5
890,0.5
891,0.0
892,0.0
893,0.0
894,0.0
895,0.0
896,0.0
897,0.0
898,0.0
899,0.0
900,0.25
901,0.25
902,0.25
903,0.25
904,0.25
905,0.25
906,0.25
907,0.25
908,0.25
909,0.5
910,0.5
911,0.5
912,0.5
913,0.5
914,0.5
915,0.5
916,0.5
917,0.5
918,0.0
919,0.0
920,0.0
921,0.0
922,0.0
923,0.0
924,0.0
925,0.0
926,0.0
927,0.25
928,0.25
929,0.25
930,0.25
931,0.25
932,0.25
933,0.25
934,0.25
935,0.25
936,0.5
937,0.5
938,0.5
939,0.5
940,0.5
941,0.5
942,0.5
943,0.5
944,0.5
945,0.0
946,0.0
947,0.0
948,0.0
949,0.0
950,0.0
951,0.0
952,0.0
953,0.0
954,0.25
955,0.25
956,0.25
957,0.25
958,0.25
959,0.25
960,0.25
961,0.25
962,0.25
963,0.5
964,0.5
965,0.5
966,0.5
967,0.5
968,0.5
969,0.5
970,0.5
971,0.5
972,0.0
973,0.0
974,0.0
975,0.0
976,0.0
977,0.0
978,0.0
979,0.0
980,0.0
981,0.25
982,0.25
983,0.25
984,0.25
985,0.25
986,0.25
987,0.25
988,0.25
989,0.25
990,0.5
991,0.5
992,0.5
993,0.5
994,0.5
995,0.5
996,0.5
997,0.5
998,0.5
999,0.0
1000,0.0
1001,0.0
1002,0.0
1003,0.0
1004,0.0
1005,0.0
1006,0.0
1007,0.0
1008,0.25
1009,0.25
1010,0.25
1011,0.25
1012,0.25
1013,0.25
1014,0.25
1015,0.25
1016,0.25
1017,0.5
1018,0.5
1019,0.5
1020,0.5
1021,0.5
1022,0.5
1023,0.5
1024,0.5
1025,0.5
1026,0.0
1027,0.0
1028,0.0
1029,0.0
1030,0.0
1031,0.0
1032,0.0
1033,0.0
1034,0.0
1035,0.25
1036,0.25
1037,0.25
1038,0.25
1039,0.25
1040,0.25
1041,0.25
1042,0.25
1043,0.25
1044,0.5
1045,0.5
1046,0.5
1047,0.5
1048,0.5
1049,0.5
1050,0.5
1051,0.5
1052,0.5
1053,0.0
1054,0.0
1055,0.0
1056,0.0
1057,0.0
1058,0.0
1059,0.0
1060,0.0
1061,0.0
1062,0.25
1063,0.25
1064,0.25
1065,0.25
1066,0.25
1067,0.25
1068,0.25
1069,0.25
1070,0.25
1071,0.5
1072,0.5
1073,0.5
1074,0.5
1075,0.5
1076,0.5
1077,0.5
1078,0.5
1079,0.5
1080,0.0
1081,0.0
1082,0.0
1083,0.0
1084,0.0
1085,0.0
1086,0.0
1087,0.0
1088,0.0
1089,0.25
1090,0.25
1091,0.25
1092,0.25
1093,0.25
1094,0.25
1095,0.25
1096,0.25
1097,0.25
1098,0.5
1099,0.5
1100,0.5
1101,0.5
1102,0.5
1103,0.5
1104,0.5
1105,0.5
1106,0.5
1107,0.0
1108,0.0
1109,0.0
1110,0.0
1111,0.0
1112,0.0
1113,0.0
1114,0.0
1115,0.0
1116,0.25
1117,0.25
1118,0.25
1119,0.25
1120,0.25
1121,0.25
1122,0.25
1123,0.25
1124,0.25
1125,0.5
1126,0.5
1127,0.5
1128,0.5
1129,0.5
1130,0.5
1131,0.5
1132,0.5
1133,0.5
1134,0.0
1135,0.0
1136,0.0
1137,0.0
1138,0.0
1139,0.0
1140,0.0
1141,0.0
1142,0.0
1143,0.25
1144,0.25
1145,0.25
1146,0.25
1147,0.25
1148,0.25
1149,0.25
1150,0.25
1151,0.25
1152,0.5
1153,0.5
1154,0.5
1155,0.5
1156,0.5
1157,0.5
1158,0.5
1159,0.5
1160,0.5
1161,0.0
1162,0.0
1163,0.0
1164,0.0
1165,0.0
1166,0.0
1167,0.0
1168,0.0
1169,0.0
1170,0.25
1171,0.25
1172,0.25
1173,0.25
1174,0.25
1175,0.25
1176,0.25
1177,0.25
1178,0.25
1179,0.5
1180,0.5
1181,0.5
1182,0.5
1183,0.5
1184,0.5
1185,0.5
1186,0.5
1187,0.5
1188,0.0
1189,0.0
1190,0.0
1191,0.0
1192,0.0
1193,0.0
1194,0.0
1195,0.0
1196,0.0
1197,0.25
1198,0.25
1199,0.25
1200,0.25
1201,0.25
1202,0.25
1203,0.25
1204,0.25
1205,0.25
1206,0.5
1207,0.5
1208,0.5
1209,0.5
1210,0.5
1211,0.5
1212,0.5
1213,0.5
1214,0.5
1215,0.0
1216,0.0
1217,0.0
1218,0.0
1219,0.0
1220,0.0
1221,0.0
1222,0.0
1223,0.0
1224,0.25
1225,0.25
1226,0.25
1227,0.25
1228,0.25
1229,0.25
1230,0.25
1231,0.25
1232,0.25
1233,0.5
1234,0.5
1235,0.5
1236,0.5
1237,0.5
1238,0.5
1239,0.5
1240,0.5
1241,0.5
1242,0.0
1243,0.0
1244,0.0
1245,0.0
1246,0.0
1247,0.0
1248,0.0
1249,0.0
1250,0.0
1251,0.25
1252,0.25
1253,0.25
1254,0.25
1255,0.25
1256,0.25
1257,0.25
1258,0.25
1259,0.25
1260,0.5
1261,0.5
1262,0.5
1263,0.5
1264,0.5
1265,0.5
1266,0.5
1267,0.5
1268,0.5
1269,0.0
1270,0.0
1271,0.0
1272,0.0
1273,0.0
1274,0.0
1275,0.0
1276,0.0
1277,0.0
1278,0.25
1279,0.25
1280,0.25
1281,0.25
1282,0.25
1283,0.25
1284,0.25
1285,0.25
1286,0.25
1287,0.5
1288,0.5
1289,0.5
1290,0.5
1291,0.5
1292,0.5
1293,0.5
1294,0.5
1295,0.5
