,Desempenho,grupo
27,0.6653993493184877,CF
28,0.736197249936716,CF
29,0.6089947022696526,CF
30,0.4790789102516173,CF
31,0.4563182191888928,CF
32,0.8128438052134682,CF
33,0.4703851430507793,CF
34,0.5314858431944031,CF
35,0.894287334470372,CF
36,0.6278724462171376,CF
37,0.3757930938958776,CF
38,0.4899122638333068,CF
39,0.5056281779181734,CF
40,0.4835230008582039,CF
41,0.822996737099337,CF
42,0.4703851430507793,CF
43,0.5314858431944031,CF
44,0.9248859634416524,CF
45,0.6206988897471611,CF
46,0.3995246176427351,CF
47,0.4916666666666667,CF
48,0.4995509363515786,CF
49,0.526898012166812,CF
50,0.8128438052134682,CF
51,0.4703851430507793,CF
52,0.5167701290807313,CF
53,0.9379762479366412,CF
54,0.4442746258674876,CF
55,0.4834688645687433,CF
56,0.491634892917024,CF
57,0.8309097708015619,CF
58,0.6261701726862824,CF
59,0.8128438052134682,CF
60,0.4703851430507793,CF
61,0.5314858431944031,CF
62,0.6648724223121572,CF
63,0.6451363699593685,CF
64,0.4600796829519714,CF
65,0.4640647368109619,CF
66,0.8104701424375594,CF
67,0.5199851944803562,CF
68,0.822996737099337,CF
69,0.4703851430507793,CF
70,0.5314858431944031,CF
71,0.6648724223121572,CF
72,0.6391419222978835,CF
73,0.3545708952116432,CF
74,0.5722426609655904,CF
75,0.5178770463790756,CF
76,0.5122825142324611,CF
77,0.822996737099337,CF
78,0.4896089890583219,CF
79,0.5167701290807313,CF
80,0.6324206923810857,CF
81,0.5444405648362717,CF
82,0.600361334897365,CF
83,0.4801516895156554,CF
84,0.4851606221250789,CF
85,0.8089378876605421,CF
86,0.765637495908614,CF
87,0.4703851430507793,CF
88,0.5314858431944031,CF
89,0.8170381537492103,CF
90,0.4896634037660036,CF
91,0.4627740374501374,CF
92,0.7714781694372533,CF
93,0.9215501190053796,CF
94,0.8160326254627887,CF
95,0.822996737099337,CF
96,0.4703851430507793,CF
97,0.5038410210535559,CF
98,0.8537475507330922,CF
99,0.574628995875627,CF
100,0.6246233189901389,CF
101,0.6366666666666666,CF
102,0.499824877398402,CF
103,0.9209440781520494,CF
104,0.7864708292419472,CF
105,0.4896089890583219,CF
106,0.5167701290807313,CF
107,0.790266106919462,CF
108,0.7003696707777145,CF
109,0.495632072266723,CF
110,0.7384110700658685,CF
111,0.5029611588277282,CF
112,0.8246008113209022,CF
113,0.8854745413128672,CF
114,0.7156019502484638,CF
115,0.5880098488710038,CF
116,0.8021974704874301,CF
117,0.6324697728945532,CF
118,0.7105390303659013,CF
119,0.6185568962156982,CF
120,0.8148420726677239,CF
121,0.8202102832510273,CF
122,0.798419494237281,CF
123,0.4871835813759811,CF
124,0.7308305665928833,CF
125,0.8021292707650067,CF
126,0.73083038975695,CF
127,0.5030187277238493,CF
128,0.7527004356102834,CF
129,0.4761751345948129,CF
130,0.7109140581512942,CF
131,0.8206795112654657,CF
132,0.4764738156210035,CF
133,0.5361503434057037,CF
134,0.7700664628047879,CF
189,0.711610047510582,CF
190,0.4929058079897752,CF
191,0.7991787483763556,CF
192,0.498418021136974,CF
193,0.9188909830712918,CF
194,0.7314695753749927,CF
195,0.7640952559216769,CF
196,0.5314858431944031,CF
197,0.7730877590316635,CF
198,0.6238800400037653,CF
199,0.6678516267861054,CF
200,0.6504696053715853,CF
201,0.5074085680392407,CF
202,0.931160992405862,CF
203,0.8512763226250705,CF
204,0.5635872751226979,CF
205,0.5314858431944031,CF
206,0.8799242424242424,CF
207,0.6572522007884322,CF
208,0.4051636501707798,CF
209,0.5876982108242368,CF
210,0.512294891823294,CF
211,0.918087028584798,CF
212,0.8075189324907986,CF
213,0.4510048415500681,CF
214,0.5663214237683324,CF
215,0.9257804182804182,CF
243,0.4433408596267325,SF
244,0.4507182768278854,SF
245,0.5586368791730955,SF
246,0.5527027572983406,SF
247,1.0,SF
248,0.822996737099337,SF
249,0.6078579509760685,SF
250,0.5499026512907877,SF
251,0.8613144840791426,SF
252,0.4600157067606695,SF
253,0.515821449443266,SF
254,0.6655897321957776,SF
255,0.5318694239650072,SF
256,0.8988423152599347,SF
257,0.822996737099337,SF
258,0.440149683803976,SF
259,0.511804986334174,SF
260,0.6682794728493354,SF
261,0.7741330080996827,SF
262,0.515821449443266,SF
263,0.8569524219849048,SF
264,0.8443694239650071,SF
265,0.9430220883534136,SF
266,0.8084404335756262,SF
267,0.6078579509760685,SF
268,0.511804986334174,SF
269,0.7033652042283737,SF
270,0.7685546572168943,SF
271,0.74523459319014,SF
272,0.3958401750702753,SF
273,0.520666583436905,SF
274,0.623540170974025,SF
275,0.9030346227496896,SF
276,0.6898445479250288,SF
277,0.6435531648369203,SF
278,0.903394087533942,SF
279,0.5381979378112962,SF
280,0.830991691094957,SF
281,0.5330041578459618,SF
282,0.4918572325323304,SF
283,0.7602785704349482,SF
284,0.8933413013117506,SF
285,0.5383112794424839,SF
286,0.5928998234524586,SF
287,0.7256432596721983,SF
288,0.573634774990739,SF
289,0.830991691094957,SF
290,0.4670380000387551,SF
291,0.5516065242115539,SF
292,0.6371763624102106,SF
293,0.9300308161067546,SF
294,0.5412949277328069,SF
295,0.6733277748706813,SF
296,0.7389100744166992,SF
324,0.4699540876769324,SF
325,0.7252151335950572,SF
326,0.7772078702738047,SF
327,0.5075353142891498,SF
328,0.4559695779349595,SF
329,0.8676675137413534,SF
330,0.5108360150191666,SF
331,0.4864577631379088,SF
332,0.8284456282114805,SF
333,0.7190653405309457,SF
334,0.5378490029599794,SF
335,0.7663830773066768,SF
336,0.7672212972145794,SF
337,0.5165969695258489,SF
338,0.7931786554785006,SF
339,0.6742204632022148,SF
340,0.7004773528701765,SF
341,0.7655468853662498,SF
342,0.54428533083331,SF
343,0.515821449443266,SF
344,0.6498342287778464,SF
345,0.7075298037311638,SF
346,0.6851145362492407,SF
347,0.8953900709219859,SF
348,0.6833341075177662,SF
349,0.5327650464645511,SF
350,0.7942397666996612,SF
351,0.7496580226825861,SF
352,0.4731657097190653,SF
353,0.6123725465122362,SF
354,0.7594136052572841,SF
355,0.4840122153064471,SF
356,0.8570883036319633,SF
357,0.5255361496495913,SF
358,0.8371071506315103,SF
359,0.7389100744166992,SF
360,0.8095553228479185,SF
361,0.4940856162606714,SF
362,0.6679676787479222,SF
363,0.514542338634135,SF
364,0.517300268976444,SF
365,0.8033446358058205,SF
366,0.546113379671778,SF
367,0.8461988805680573,SF
368,0.7256432596721983,SF
369,0.6073453637232124,SF
370,0.4202093658677904,SF
371,0.665654846850912,SF
372,0.5033317859124732,SF
373,0.4915534343108595,SF
374,0.8343453583130626,SF
375,0.5618493685208357,SF
376,0.8099300810667125,SF
377,0.7389100744166992,SF
405,0.7414953751083585,SF
406,0.6578289043512582,SF
407,0.759139785491045,SF
408,0.5046631422179252,SF
409,0.6634936109824167,SF
410,0.7875744192597524,SF
411,0.4544669563504164,SF
412,0.5537969612987381,SF
413,0.9466666666666668,SF
414,0.6606268235732258,SF
415,0.840237837484945,SF
416,0.7576262541783444,SF
417,0.6260610634014285,SF
418,0.960246285732856,SF
419,0.8033446358058205,SF
420,0.733613379671778,SF
421,0.5663214237683324,SF
422,0.6459450056110759,SF
423,0.5652892457160901,SF
424,0.6938475528507589,SF
425,0.7906777980336891,SF
426,0.5596566170104812,SF
427,0.5117419787388231,SF
428,0.8343453583130626,SF
429,0.4701086956521739,SF
430,0.7499005380238642,SF
431,0.9327075991897988,SF
