Sorteio,Tempo 1,Tempo 2,ID,Fase,Score total,Score Parcial,Proporção espacial x,Proporção espacial y,Trajetória Completa,Trajetória Simplificada,Acuracia,Media Acuracia,Taxa de Falsos Positivos,Media FPR,Similaridade,Media Similaridade,Desempenho,Desempenho ponderado com proporção,Complexidade,nivel
1,737434.5238110301,737434.524100382,df_ID_08,Fase Execucao,0.0,0.0,0.8461538461538461,0.8168744007670182,"[1, 1, 1, 2, 3, 2, 3, 3, 2, 4, 4, 4]","[1, 2, 3, 2, 3, 2, 4]",0.375,0.5173611111111112,1.0,0.4222222222222221,0.8367430244040812,0.8187436174772847,0.403914341468027,0.3358604795988842,4,Fácil
14,737434.5251196527,737434.5254090047,df_ID_08,Fase Execucao,0.1333333333333333,0.1125341101851169,0.8653846153846154,0.822627037392138,"[1, 1, 1, 3, 3, 3, 2, 2, 4, 2, 4]","[1, 3, 2, 4, 2, 4]",0.5625,0.5173611111111112,0.7142857142857143,0.4222222222222221,0.8863192865255393,0.8187436174772847,0.578177857413275,0.4879854803455522,4,Fácil
15,737434.5267964583,737434.5270858217,df_ID_08,Fase Execucao,0.3,0.2523446603731839,0.8788461538461538,0.8034515819750719,"[1, 1, 3, 1, 3, 3, 2, 2, 4, 2, 4, 4]","[1, 3, 1, 3, 2, 4, 2, 4]",0.6875,0.5173611111111112,0.6,0.4222222222222221,0.8367430244040812,0.8187436174772847,0.641414341468027,0.5395249471874622,4,Fácil
6,737434.5281625463,737434.5284518981,df_ID_08,Fase Execucao,0.238095238095238,0.2129430373078503,0.8788461538461538,0.909875359539789,"[1, 1, 1, 3, 3, 3, 2, 2, 2, 4, 4, 4]","[1, 3, 2, 4]",0.625,0.5173611111111112,1.0,0.4222222222222221,0.8770580193070291,0.8187436174772847,0.5006860064356764,0.4477939155813935,6,Médio
18,737434.5296391782,737434.5299285301,df_ID_08,Fase Execucao,0.5476190476190476,0.4592483818514499,0.7923076923076923,0.8849472674976031,"[1, 2, 1, 1, 2, 3, 3, 3, 1, 1, 4, 4, 2, 2, 2, 4]","[1, 2, 1, 2, 3, 1, 4, 2, 4]",0.6875,0.5173611111111112,0.6666666666666666,0.4222222222222221,0.8781140799175228,0.8187436174772847,0.6329824710836188,0.5308364945474058,6,Médio
8,737434.5310792709,737434.5313686343,df_ID_08,Fase Execucao,0.4285714285714285,0.3935771443321778,0.8903846153846153,0.9463087248322148,"[1, 1, 1, 3, 3, 3, 2, 4, 4, 3, 3, 2, 4, 4, 4, 7, 3, 3, 4, 4, 4]","[1, 3, 2, 4, 3, 2, 4, 7, 3, 4]",1.0,0.5173611111111112,0.0,0.4222222222222221,0.8292360634509895,0.8187436174772847,0.9430786878169966,0.8660731726069523,6,Médio
16,737434.5324621991,737434.5327515509,df_ID_08,Fase Execucao,0.3148148148148147,0.2898619852059448,0.8865384615384615,0.9549376797698944,"[3, 1, 1, 1, 3, 3, 2, 2, 2, 4, 4, 1, 2, 4]","[3, 1, 3, 2, 4, 1, 2, 4]",0.5625,0.5173611111111112,1.0,0.4222222222222221,0.8022422809510465,0.8187436174772847,0.4549140936503488,0.4188567249010163,8,Difícil
4,737434.5340409027,737434.5343302547,df_ID_08,Fase Execucao,0.4074074074074074,0.3635823410991196,0.8692307692307693,0.9156279961649088,"[3, 1, 3, 1, 3, 1, 4, 4, 4, 2, 3, 2, 3, 3, 2, 4, 4, 4]","[3, 1, 3, 1, 3, 1, 4, 2, 3, 2, 3, 2, 4]",0.8125,0.5173611111111112,1.0,0.4222222222222221,0.7445026672387419,0.8187436174772847,0.5190008890795806,0.4631716430609198,8,Difícil
2,737434.5349811111,737434.5352704745,df_ID_08,Fase Execucao,0.1851851851851851,0.1656192893609001,0.8673076923076923,0.9213806327900288,"[1, 1, 1, 3, 3, 3, 2, 2, 2, 4, 4, 4]","[1, 3, 2, 4]",0.5625,0.5173611111111112,1.0,0.4222222222222221,0.7694875639743057,0.8187436174772847,0.4439958546581019,0.3970851008093658,8,Difícil
9,737434.5362731366,737434.5365625,df_ID_08,Fase Execucao,0.3666666666666667,0.3048885119354918,0.8461538461538461,0.8168744007670182,"[2, 2, 2, 1, 3, 1, 3, 3, 1, 4, 4, 4]","[2, 1, 3, 1, 3, 1, 4]",0.5625,0.5173611111111112,0.0,0.4222222222222221,0.8013876853447538,0.8187436174772847,0.7879625617815846,0.655201998879451,4,Fácil
13,737434.5375367246,737434.5378260764,df_ID_08,Fase Execucao,0.2666666666666666,0.2250682203702338,0.8653846153846154,0.822627037392138,"[2, 2, 2, 3, 3, 3, 1, 1, 4, 1, 4]","[2, 3, 1, 4, 1, 4]",0.375,0.5173611111111112,0.2857142857142857,0.4222222222222221,0.7731721435648321,0.8187436174772847,0.6208192859501822,0.5239750944762255,4,Fácil
5,737434.5385175231,737434.538806875,df_ID_08,Fase Execucao,0.5,0.4205744339553064,0.8788461538461538,0.8034515819750719,"[2, 2, 3, 2, 3, 3, 1, 1, 4, 1, 4, 4]","[2, 3, 2, 3, 1, 4, 1, 4]",0.5,0.5173611111111112,0.0,0.4222222222222221,0.8249579113843054,0.8187436174772847,0.7749859704614351,0.6518785717002439,4,Fácil
10,737434.5396083681,737434.5398977083,df_ID_08,Fase Execucao,0.2857142857142857,0.2555316447694203,0.8788461538461538,0.909875359539789,"[2, 2, 2, 3, 3, 3, 1, 1, 1, 4, 4, 4]","[2, 3, 1, 4]",0.375,0.5173611111111112,0.0,0.4222222222222221,0.9062932866172634,0.8187436174772847,0.7604310955390878,0.6800997300192039,6,Médio
7,737434.5407001968,737434.5409895487,df_ID_08,Fase Execucao,0.3095238095238095,0.2595751723508195,0.7923076923076923,0.8849472674976031,"[2, 1, 2, 2, 1, 3, 3, 3, 2, 2, 4, 4, 1, 1, 1, 4]","[2, 1, 2, 1, 3, 2, 4, 1, 4]",0.3125,0.5173611111111112,0.0,0.4222222222222221,0.8451848019206156,0.8187436174772847,0.719228267306872,0.6031645892863098,6,Médio
17,737434.5419557523,737434.5422451042,df_ID_08,Fase Execucao,0.3809523809523809,0.3498463505174914,0.8903846153846153,0.9463087248322148,"[2, 2, 2, 3, 3, 3, 1, 4, 4, 3, 3, 1, 4, 4, 4, 5, 3, 3, 4, 4, 4]","[2, 3, 1, 4, 3, 1, 4, 5, 3, 4]",0.25,0.5173611111111112,0.0,0.4222222222222221,0.8107358572806586,0.8187436174772847,0.6869119524268862,0.630823304168901,6,Médio
11,737434.5429568171,737434.543246169,df_ID_08,Fase Execucao,0.1481481481481481,0.1364056400969152,0.8865384615384615,0.9549376797698944,"[3, 2, 2, 2, 3, 3, 1, 1, 1, 4, 4, 2, 1, 4]","[3, 2, 3, 1, 4, 2, 1, 4]",0.375,0.5173611111111112,0.0,0.4222222222222221,0.7808491534590186,0.8187436174772847,0.7186163844863396,0.6616574633924333,8,Difícil
12,737434.5439704513,737434.5442598033,df_ID_08,Fase Execucao,0.574074074074074,0.5123205715487593,0.8692307692307693,0.9156279961649088,"[3, 2, 3, 2, 3, 2, 4, 4, 4, 1, 3, 1, 3, 5, 4, 4, 4]","[3, 2, 3, 2, 3, 2, 4, 1, 3, 1, 3, 5, 4]",0.375,0.5173611111111112,0.0,0.4222222222222221,0.754329775338138,0.8187436174772847,0.7097765917793794,0.6334254856550476,8,Difícil
3,737434.544893912,737434.5451832638,df_ID_08,Fase Execucao,0.1481481481481481,0.13249543148872,0.8673076923076923,0.9213806327900288,"[2, 2, 2, 3, 3, 3, 1, 1, 1, 4, 4, 4]","[2, 3, 1, 4]",0.3125,0.5173611111111112,0.3333333333333333,0.4222222222222221,0.7800284895082003,0.8187436174772847,0.5863983853916223,0.5244419729030745,8,Difícil
6,737436.3861740972,737436.3864634491,df_ID_11,Fase Execucao,0.1666666666666666,0.1058932259016151,0.7865384615384615,0.4841802492809204,"[1, 1, 3, 1, 3, 3, 3, 3, 2, 4, 4, 4]","[1, 3, 1, 3, 2, 4]",0.7222222222222222,0.5802469135802469,0.24,0.3421693121693122,0.8385254915624211,0.794581665312842,0.7735825712615477,0.4915029238329083,4,Fácil
3,737436.3881222106,737436.3884115741,df_ID_11,Fase Execucao,0.8,0.5543284903016447,0.8038461538461539,0.5819750719079578,"[1, 3, 1, 1, 3, 2, 4, 4, 1, 3, 3, 4, 4, 3, 3, 3, 2, 2, 2, 4, 4, 4]","[1, 3, 1, 3, 2, 4, 1, 3, 4, 3, 2, 4]",0.625,0.5802469135802469,0.8571428571428571,0.3421693121693122,0.6389304490775459,0.794581665312842,0.4689291973115629,0.324926017505101,4,Fácil
16,737436.3894759953,737436.3897653588,df_ID_11,Fase Execucao,0.2,0.1225717235784349,0.8076923076923077,0.4180249280920421,"[1, 1, 2, 3, 1, 1, 3, 3, 2, 2, 4, 1, 2, 2, 4, 4]","[1, 2, 3, 1, 3, 2, 4, 1, 2, 4]",0.6875,0.5802469135802469,0.8,0.3421693121693122,0.860886171337419,0.794581665312842,0.5827953904458063,0.3571711775025473,4,Fácil
11,737436.3904849768,737436.3907743287,df_ID_11,Fase Execucao,0.1428571428571428,0.1225804157491597,0.9730769230769232,0.7430488974113135,"[3, 3, 3, 2, 2, 2, 4, 4, 4, 1, 1, 1]","[3, 2, 4, 1]",0.375,0.5802469135802469,0.0,0.3421693121693122,0.862440385651912,0.794581665312842,0.7458134618839707,0.6399548696034006,6,Médio
7,737436.3927223727,737436.3930117361,df_ID_11,Fase Execucao,0.6666666666666665,0.4866484745679376,0.9076923076923076,0.5522531160115053,"[1, 1, 2, 3, 1, 1, 3, 3, 2, 2, 2, 4, 1, 2, 2, 4]","[1, 2, 3, 1, 3, 2, 4, 1, 2, 4]",0.75,0.5802469135802469,0.6666666666666666,0.3421693121693122,0.8307645695316135,0.794581665312842,0.6380326342883157,0.4657464123014575,6,Médio
17,737436.394141169,737436.3944305208,df_ID_11,Fase Execucao,0.4285714285714285,0.4195185327615816,0.9788461538461538,0.9789069990412272,"[1, 1, 1, 3, 3, 3, 2, 4, 4, 2, 3, 3, 2, 4, 4, 4, 3, 3, 4, 4, 4]","[1, 3, 2, 4, 2, 3, 2, 4, 3, 4]",1.0,0.5802469135802469,0.0,0.3421693121693122,0.8331921659677362,0.794581665312842,0.944397388655912,0.9244484826098603,6,Médio
14,737436.3951051042,737436.395394456,df_ID_11,Fase Execucao,0.2777777777777778,0.2653851787660513,0.9788461538461538,0.9319271332694152,"[1, 1, 1, 3, 3, 3, 2, 2, 4, 1, 2, 2, 4, 4]","[1, 3, 2, 4, 1, 2, 4]",0.8125,0.5802469135802469,0.5,0.3421693121693122,0.8557250996811163,0.794581665312842,0.7227416998937054,0.6904977668206947,8,Difícil
8,737436.3971304282,737436.3974197685,df_ID_11,Fase Execucao,0.2592592592592592,0.1851249545880418,0.8384615384615385,0.5896452540747843,"[1, 1, 1, 3, 3, 3, 2, 4, 4, 2, 3, 3, 2, 4, 4, 4, 4, 4]","[1, 3, 2, 4, 2, 3, 2, 4]",0.875,0.5802469135802469,1.0,0.3421693121693122,0.7716729553119661,0.794581665312842,0.5488909851039887,0.3919374720944799,8,Difícil
5,737436.3982296296,737436.3985189699,df_ID_11,Fase Execucao,0.3518518518518518,0.3081412202637035,0.9519230769230768,0.7996164908916586,"[1, 3, 1, 1, 3, 3, 2, 2, 4, 1, 2, 2, 4, 4]","[1, 3, 1, 3, 2, 4, 1, 2, 4]",0.75,0.5802469135802469,0.6666666666666666,0.3421693121693122,0.8105228981472717,0.794581665312842,0.6312854104935351,0.5528606875317972,8,Difícil
15,737436.3994967476,737436.3997860879,df_ID_11,Fase Execucao,0.3833333333333333,0.2435544195737148,0.7865384615384615,0.4841802492809204,"[2, 2, 3, 2, 3, 3, 3, 3, 1, 4, 4, 4]","[2, 3, 2, 3, 1, 4]",0.7222222222222222,0.5802469135802469,0.0,0.3421693121693122,0.8253072612498318,0.794581665312842,0.8491764944906848,0.5395322301686625,4,Fácil
1,737436.4018339468,737436.4021232986,df_ID_11,Fase Execucao,0.3,0.2078731838631168,0.8038461538461539,0.5819750719079578,"[2, 3, 2, 2, 3, 1, 4, 4, 2, 3, 3, 4, 4, 3, 3, 3, 1, 1, 1, 4, 4, 4]","[2, 3, 2, 3, 1, 4, 2, 3, 4, 3, 1, 4]",0.3125,0.5802469135802469,0.4285714285714285,0.3421693121693122,0.6505473663335013,0.794581665312842,0.5114919792540242,0.3544182208266043,4,Fácil
2,737436.402707801,737436.4029971644,df_ID_11,Fase Execucao,0.5,0.3064293089460874,0.8076923076923077,0.4180249280920421,"[2, 2, 1, 3, 2, 2, 3, 3, 1, 1, 4, 1, 4, 4]","[2, 1, 3, 2, 3, 1, 4, 1, 4]",0.5,0.5802469135802469,0.0,0.3421693121693122,0.8029550685469662,0.794581665312842,0.7676516895156554,0.4704619534591575,4,Fácil
4,737436.4045113195,737436.4048006713,df_ID_11,Fase Execucao,0.0,0.0,0.9730769230769232,0.7430488974113135,"[3, 3, 3, 1, 1, 1, 4, 4, 4, 2, 2, 2]","[3, 1, 4, 2]",0.625,0.5802469135802469,1.0,0.3421693121693122,0.8478227519967948,0.794581665312842,0.4909409173322649,0.4212581922840404,6,Médio
18,737436.4054671759,737436.4057565278,df_ID_11,Fase Execucao,0.4761904761904761,0.3476060532628126,0.9076923076923076,0.5522531160115053,"[2, 2, 1, 3, 2, 2, 3, 3, 1, 1, 2, 1, 1, 4, 2, 4]","[2, 1, 3, 2, 3, 1, 2, 1, 4, 2, 4]",0.375,0.5802469135802469,0.0,0.3421693121693122,0.7722600223814999,0.794581665312842,0.7157533407938333,0.5224804071963364,6,Médio
13,737436.4081133218,737436.4084026737,df_ID_11,Fase Execucao,0.5476190476190476,0.5360514585286875,0.9788461538461538,0.9789069990412272,"[2, 2, 2, 3, 3, 3, 1, 4, 4, 1, 3, 3, 1, 4, 4, 4, 3, 3, 4, 4, 4]","[2, 3, 1, 4, 1, 3, 1, 4, 3, 4]",0.25,0.5802469135802469,0.0,0.3421693121693122,0.7862517622512439,0.794581665312842,0.6787505874170813,0.6644130512699764,6,Médio
9,737436.4090812848,737436.4093706366,df_ID_11,Fase Execucao,0.2037037037037037,0.1946157977617709,0.9788461538461538,0.9319271332694152,"[2, 2, 2, 3, 3, 3, 1, 1, 4, 2, 1, 1, 4, 4]","[2, 3, 1, 4, 2, 1, 4]",0.3125,0.5802469135802469,0.0,0.3421693121693122,0.7915457172050325,0.794581665312842,0.7013485724016775,0.6700590585508824,8,Difícil
10,737436.4101025347,737436.4103918981,df_ID_11,Fase Execucao,0.4074074074074074,0.2909106429240657,0.8384615384615385,0.5896452540747843,"[2, 2, 2, 3, 3, 3, 1, 4, 4, 1, 3, 3, 1, 4, 4, 4, 4]","[2, 3, 1, 4, 1, 3, 1, 4]",0.375,0.5802469135802469,0.0,0.3421693121693122,0.7433762918125657,0.794581665312842,0.7061254306041885,0.5042112619142388,8,Difícil
12,737436.4111849768,737436.4114743287,df_ID_11,Fase Execucao,0.2777777777777778,0.2432693844187132,0.9519230769230768,0.7996164908916586,"[2, 3, 2, 2, 3, 3, 1, 1, 4, 2, 1, 1, 4, 4]","[2, 3, 2, 3, 1, 4, 2, 1, 4]",0.375,0.5802469135802469,0.0,0.3421693121693122,0.7797435475847171,0.794581665312842,0.7182478491949057,0.6290197636813541,8,Difícil
6,737439.8311103125,737439.8313996644,df_ID_14,Fase Execucao,0.1666666666666666,0.1354664490989994,0.8326923076923077,0.7929050814956855,"[1, 3, 1, 3, 3, 1, 2, 2, 2, 4, 4, 4]","[1, 3, 1, 3, 1, 2, 4]",0.75,0.5347222222222222,0.4,0.4261904761904762,0.8013876853447538,0.7347671814019611,0.7171292284482513,0.5828817007379387,4,Fácil
3,737439.832531331,737439.8328206829,df_ID_14,Fase Execucao,0.6,0.4751047274872778,0.926923076923077,0.6567593480345159,"[1, 3, 1, 3, 4, 4, 1, 3, 3, 3, 2, 2, 2, 4, 4, 4, 2, 2, 2, 4, 4, 4]","[1, 3, 1, 3, 4, 1, 3, 2, 4, 2, 4]",0.625,0.5347222222222222,0.8571428571428571,0.4261904761904762,0.6194224814505167,0.7347671814019611,0.4624265414358866,0.3661683932529688,4,Fácil
16,737439.8344242246,737439.834713588,df_ID_14,Fase Execucao,0.3,0.2595072461095951,0.8134615384615385,0.9165867689357622,"[1, 1, 1, 3, 3, 4, 4, 3, 2, 3, 2, 3, 1, 2, 2, 4, 4, 4]","[1, 3, 4, 3, 2, 3, 2, 3, 1, 2, 4]",0.5625,0.5347222222222222,1.0,0.4261904761904762,0.7056422850727971,0.7347671814019611,0.4227140950242656,0.3656579023048562,4,Fácil
11,737439.8360834144,737439.8363727662,df_ID_14,Fase Execucao,0.238095238095238,0.2359200004214385,0.9807692307692308,1.000958772770853,"[1, 1, 1, 3, 3, 3, 2, 2, 2, 4, 4, 1, 4, 1, 3]","[1, 3, 2, 4, 1, 4, 1, 3]",0.75,0.5347222222222222,1.0,0.4261904761904762,0.8555183532243665,0.7347671814019611,0.5351727844081222,0.530283446797048,6,Médio
7,737439.8379156134,737439.8382049769,df_ID_14,Fase Execucao,0.3571428571428571,0.3158458272312539,0.9307692307692308,0.837967401725791,"[3, 1, 1, 3, 1, 4, 2, 3, 3, 2, 2, 4, 1, 4, 2, 4]","[3, 1, 3, 1, 4, 2, 3, 2, 4, 1, 4, 2, 4]",0.6875,0.5347222222222222,0.6666666666666666,0.4261904761904762,0.8116248762569048,0.7347671814019611,0.6108194031967461,0.5401893271364159,6,Médio
17,737439.839264699,737439.8395540509,df_ID_14,Fase Execucao,0.4047619047619047,0.350809447423781,0.9826923076923076,0.75071907957814,"[3, 4, 1, 3, 1, 3, 3, 4, 4, 4, 3, 1, 3, 3, 2, 2, 2, 4, 4, 4, 4]","[3, 4, 1, 3, 1, 3, 4, 3, 1, 3, 2, 4]",0.875,0.5347222222222222,0.0,0.4261904761904762,0.7862517622512439,0.7347671814019611,0.8870839207504146,0.768840684846642,6,Médio
14,737439.8405310764,737439.8408204282,df_ID_14,Fase Execucao,0.6296296296296295,0.6012187476952577,0.9576923076923076,0.9520613614573348,"[1, 3, 1, 1, 3, 4, 4, 2, 3, 3, 3, 4, 2, 4, 1, 1, 3, 3, 2, 4, 2, 2, 4, 4]","[1, 3, 1, 3, 4, 2, 3, 4, 2, 4, 1, 3, 2, 4, 2, 4]",0.875,0.5347222222222222,0.5,0.4261904761904762,0.7150934873512511,0.7347671814019611,0.6966978291170838,0.6652606177224707,8,Difícil
8,737439.8424562153,737439.8427455787,df_ID_14,Fase Execucao,0.4999999999999999,0.4695520502986945,0.9903846153846154,0.887823585810163,"[4, 2, 3, 1, 4, 1, 3, 1, 4, 2, 3, 3, 3, 2, 4, 4, 3, 3, 2, 4, 4, 1, 3, 3, 2, 1, 1, 4, 4, 2, 2, 4]","[4, 2, 3, 1, 4, 1, 3, 1, 4, 2, 3, 2, 4, 3, 2, 4, 1, 3, 2, 1, 4, 2, 4]",0.4375,0.5347222222222222,0.5,0.4261904761904762,0.5710903611749714,0.7347671814019611,0.5028634537249904,0.472241131433704,8,Difícil
5,737439.8435623149,737439.8438516667,df_ID_14,Fase Execucao,0.5185185185185185,0.4274584600087955,0.8884615384615384,0.7603068072866731,"[3, 1, 1, 4, 1, 3, 3, 3, 2, 2, 2, 4, 4, 4, 1, 3, 3]","[3, 1, 4, 1, 3, 2, 4, 1, 3]",0.75,0.5347222222222222,1.0,0.4261904761904762,0.8033976357906649,0.7347671814019611,0.5177992119302216,0.4268654750419595,8,Difícil
15,737439.8457859722,737439.8460753356,df_ID_14,Fase Execucao,0.2666666666666666,0.2167463185583991,0.8326923076923077,0.7929050814956855,"[2, 3, 2, 3, 3, 2, 1, 1, 1, 4, 4, 4]","[2, 3, 2, 3, 2, 1, 4]",0.5625,0.5347222222222222,0.0,0.4261904761904762,0.7424621202458749,0.7347671814019611,0.768320706748625,0.6244900674748193,4,Fácil
1,737439.8483926042,737439.8486819561,df_ID_14,Fase Execucao,0.2,0.1583682424957593,0.926923076923077,0.6567593480345159,"[2, 3, 2, 3, 4, 4, 2, 3, 3, 3, 1, 1, 1, 4, 4, 4, 1, 1, 1, 4, 4, 4]","[2, 3, 2, 3, 4, 2, 3, 1, 4, 1, 4]",0.25,0.5347222222222222,0.7142857142857143,0.4261904761904762,0.5868965038233361,0.7347671814019611,0.3742035965125406,0.2963098295764164,4,Fácil
2,737439.8498189005,737439.8501082524,df_ID_14,Fase Execucao,0.3,0.2595072461095951,0.8134615384615385,0.9165867689357622,"[2, 2, 2, 3, 3, 4, 4, 3, 1, 3, 1, 3, 2, 1, 1, 4, 4, 4]","[2, 3, 4, 3, 1, 3, 1, 3, 2, 1, 4]",0.4375,0.5347222222222222,0.2,0.4261904761904762,0.6963575181639445,0.7347671814019611,0.6446191727213149,0.5576111543411795,4,Fácil
4,737439.8516700115,737439.8519593634,df_ID_14,Fase Execucao,0.2857142857142857,0.2831040005057262,0.9807692307692308,1.000958772770853,"[2, 2, 2, 3, 3, 3, 1, 1, 1, 4, 4, 2, 4, 2, 3]","[2, 3, 1, 4, 2, 4, 2, 3]",0.375,0.5347222222222222,0.0,0.4261904761904762,0.8848107182833358,0.7347671814019611,0.7532702394277786,0.7463883638536865,6,Médio
18,737439.852883125,737439.8531724884,df_ID_14,Fase Execucao,0.5476190476190476,0.4842969350879226,0.9307692307692308,0.837967401725791,"[3, 2, 2, 3, 2, 4, 1, 3, 3, 1, 1, 4, 2, 4, 1, 4]","[3, 2, 3, 2, 4, 1, 3, 1, 4, 2, 4, 1, 4]",0.4375,0.5347222222222222,0.0,0.4261904761904762,0.7915847558554998,0.7347671814019611,0.7430282519518333,0.6571106441029742,6,Médio
13,737439.8544726736,737439.8547620254,df_ID_14,Fase Execucao,0.25,0.2166764234088059,0.9826923076923076,0.75071907957814,"[3, 4, 2, 3, 2, 3, 3, 4, 4, 4, 3, 2, 3, 3, 1, 1, 1, 4, 4, 4, 4]","[3, 4, 2, 3, 2, 3, 4, 3, 2, 3, 1, 4]",0.25,0.5347222222222222,0.0,0.4261904761904762,0.7686491108575594,0.7347671814019611,0.6728830369525198,0.5831915592773096,6,Médio
9,737439.8560208102,737439.856310162,df_ID_14,Fase Execucao,0.3888888888888888,0.3713409912235415,0.9576923076923076,0.9520613614573348,"[2, 3, 2, 2, 3, 4, 4, 1, 3, 3, 3, 4, 1, 4, 2, 2, 3, 3, 1, 4, 1, 1, 4, 4]","[2, 3, 2, 3, 4, 1, 3, 4, 1, 4, 2, 3, 1, 4, 1, 4]",0.3125,0.5347222222222222,0.0,0.4261904761904762,0.722465585158996,0.7347671814019611,0.6783218617196654,0.6477138321417736,8,Difícil
10,737439.8575489814,737439.8578383334,df_ID_14,Fase Execucao,0.5555555555555556,0.5217245003318829,0.9903846153846154,0.887823585810163,"[4, 1, 3, 2, 4, 2, 3, 2, 4, 1, 3, 3, 3, 1, 4, 4, 3, 3, 1, 4, 4, 2, 3, 3, 1, 2, 2, 4, 4, 1, 1, 4]","[4, 1, 3, 2, 4, 2, 3, 2, 4, 1, 3, 1, 4, 3, 1, 4, 2, 3, 1, 2, 4, 1, 4]",0.375,0.5347222222222222,0.5,0.4261904761904762,0.5686014032526943,0.7347671814019611,0.4812004677508981,0.4518973324742502,8,Difícil
12,737439.8589666666,737439.8592560301,df_ID_14,Fase Execucao,0.1481481481481481,0.1221309885739415,0.8884615384615384,0.7603068072866731,"[3, 2, 2, 4, 2, 3, 3, 3, 1, 1, 1, 4, 4, 4, 2, 3, 3]","[3, 2, 4, 2, 3, 1, 4, 2, 3]",0.3125,0.5347222222222222,0.3333333333333333,0.4261904761904762,0.7945526216765877,0.7347671814019611,0.5912397627810848,0.4874087028105671,8,Difícil
5,737442.4946194792,737442.4949088541,df_ID_20,Fase Execucao,0.3,0.1962597721070875,0.8865384615384615,0.4218600191754554,"[1, 1, 3, 3, 3, 1, 2, 2, 2, 4, 4, 4]","[1, 3, 1, 2, 4]",0.75,0.5694444444444444,0.4,0.4182539682539682,0.8720983634634086,0.7489445473692184,0.7406994544878028,0.4845650204587341,4,Fácil
13,737442.4982414352,737442.4985307986,df_ID_20,Fase Execucao,0.6,0.5881805442879269,0.9692307692307692,0.9913710450623202,"[1, 3, 1, 3, 1, 3, 4, 4, 4, 2, 3, 3, 2, 3, 2, 4, 4, 4, 2, 4, 4, 4]","[1, 3, 1, 3, 1, 3, 4, 2, 3, 2, 3, 2, 4, 2, 4]",0.5,0.5694444444444444,1.0,0.4182539682539682,0.6166892270150894,0.7489445473692184,0.3722297423383631,0.364897154081222,4,Fácil
7,737442.5000906714,737442.5003800347,df_ID_20,Fase Execucao,0.3,0.2857439707943064,0.9576923076923076,0.947267497603068,"[1, 1, 3, 1, 3, 2, 3, 2, 2, 4, 1, 4, 2, 4, 2, 4, 4, 4]","[1, 3, 1, 3, 2, 3, 2, 4, 1, 4, 2, 4, 2, 4]",0.5625,0.5694444444444444,1.0,0.4182539682539682,0.7838180581610249,0.7489445473692184,0.448772686053675,0.4274469643233458,4,Fácil
8,737442.5014237384,737442.5017131019,df_ID_20,Fase Execucao,0.5238095238095237,0.5009138632221086,0.9403846153846154,0.972195589645254,"[1, 1, 1, 3, 3, 3, 2, 4, 4, 2, 2, 3, 1, 3, 2, 4, 4, 4]","[1, 3, 2, 4, 2, 3, 1, 3, 2, 4]",0.875,0.5694444444444444,1.0,0.4182539682539682,0.8291761914687816,0.7489445473692184,0.5680587304895939,0.5432289416143974,6,Médio
3,737442.5028835533,737442.5031729051,df_ID_20,Fase Execucao,0.8809523809523809,0.8420285989976786,0.9442307692307692,0.9674017257909876,"[1, 3, 1, 4, 1, 3, 3, 3, 2, 2, 4, 2, 3, 4, 4, 4]","[1, 3, 1, 4, 1, 3, 2, 4, 2, 3, 4]",0.875,0.5694444444444444,0.6666666666666666,0.4182539682539682,0.8256328089919834,0.7489445473692184,0.677988714108439,0.6480326285738538,6,Médio
18,737442.5042039236,737442.5044932754,df_ID_20,Fase Execucao,0.2857142857142857,0.2702061361457334,0.925,0.9664429530201344,"[1, 3, 3, 3, 1, 1, 4, 4, 4, 2, 3, 4, 1, 3, 2, 2, 2, 4, 4, 4, 4]","[1, 3, 1, 4, 2, 3, 4, 1, 3, 2, 4]",0.8125,0.5694444444444444,0.0,0.4182539682539682,0.8426099620566628,0.7489445473692184,0.8850366540188875,0.8369981712042719,6,Médio
6,737442.5053810301,737442.505670382,df_ID_20,Fase Execucao,0.5555555555555556,0.5312676696904886,0.9346153846153846,0.977948226270374,"[1, 3, 1, 1, 4, 3, 3, 2, 2, 3, 2, 4, 4, 4, 1, 1, 3, 3, 2, 4, 2, 2, 4, 4]","[1, 3, 1, 4, 3, 2, 3, 2, 4, 1, 3, 2, 4, 2, 4]",0.75,0.5694444444444444,1.0,0.4182539682539682,0.7316693394536524,0.7489445473692184,0.4938897798178841,0.4722978103340323,8,Difícil
11,737442.5061732176,737442.506462581,df_ID_20,Fase Execucao,0.1851851851851851,0.1793147506234754,0.9576923076923076,0.9789069990412272,"[1, 1, 1, 3, 3, 3, 2, 2, 2, 4, 4, 4, 3, 2, 4, 4, 3, 3, 2, 4, 4, 1, 3, 3, 2, 1, 1, 4, 4, 2, 2, 4]","[1, 3, 2, 4, 3, 2, 4, 3, 2, 4, 1, 3, 2, 1, 4, 2, 4]",0.75,0.5694444444444444,0.5,0.4182539682539682,0.6046066240618893,0.7489445473692184,0.6182022080206298,0.598604983736946,8,Difícil
15,737442.5072725578,737442.5075619097,df_ID_20,Fase Execucao,0.0925925925925925,0.0892124746990518,0.95,0.9769894534995206,"[1, 1, 2, 2, 1, 1, 1, 3, 3, 2, 3, 2, 2, 4, 4, 4, 3]","[1, 2, 1, 3, 2, 3, 2, 4, 3]",0.5625,0.5694444444444444,1.0,0.4182539682539682,0.8237306052901903,0.7489445473692184,0.4620768684300634,0.4452086260854088,8,Difícil
1,737442.5092146065,737442.5095039699,df_ID_20,Fase Execucao,0.2666666666666666,0.1744531307618556,0.8865384615384615,0.4218600191754554,"[2, 2, 3, 3, 3, 2, 1, 1, 1, 4, 4, 4]","[2, 3, 2, 1, 4]",0.5625,0.5694444444444444,0.0,0.4182539682539682,0.7778174593052023,0.7489445473692184,0.7801058197684009,0.5103446346905302,4,Fácil
14,737442.5101704167,737442.5104597685,df_ID_20,Fase Execucao,0.5,0.4901504535732723,0.9692307692307692,0.9913710450623202,"[2, 3, 2, 3, 2, 3, 4, 4, 4, 1, 3, 3, 1, 3, 1, 4, 4, 4, 1, 4, 4, 4]","[2, 3, 2, 3, 2, 3, 4, 1, 3, 1, 3, 1, 4, 1, 4]",0.375,0.5694444444444444,0.4285714285714285,0.4182539682539682,0.5877290868987322,0.7489445473692184,0.5113858861091012,0.5013120480546915,4,Fácil
2,737442.5110079513,737442.5112973033,df_ID_20,Fase Execucao,0.3,0.2857439707943064,0.9576923076923076,0.947267497603068,"[2, 2, 3, 2, 3, 1, 3, 1, 1, 4, 2, 4, 1, 4, 1, 4, 4, 4]","[2, 3, 2, 3, 1, 3, 1, 4, 2, 4, 1, 4, 1, 4]",0.5,0.5694444444444444,0.2,0.4182539682539682,0.7267220926874316,0.7489445473692184,0.6755740308958105,0.6434706871789476,4,Fácil
10,737442.512270706,737442.5125600694,df_ID_20,Fase Execucao,0.5476190476190476,0.5236826751867499,0.9403846153846154,0.972195589645254,"[2, 2, 2, 3, 3, 3, 1, 4, 4, 1, 1, 3, 2, 3, 1, 4, 4, 4]","[2, 3, 1, 4, 1, 3, 2, 3, 1, 4]",0.375,0.5694444444444444,0.0,0.4182539682539682,0.737045503527806,0.7489445473692184,0.704015167842602,0.6732427370282709,6,Médio
4,737442.5139760996,737442.5142654398,df_ID_20,Fase Execucao,0.5238095238095237,0.5006656534580791,0.9442307692307692,0.9674017257909876,"[2, 3, 2, 4, 2, 3, 3, 3, 1, 1, 4, 1, 3, 4, 4, 4]","[2, 3, 2, 4, 2, 3, 1, 4, 1, 3, 4]",0.4375,0.5694444444444444,0.0,0.4182539682539682,0.7606953970487937,0.7489445473692184,0.7327317990162646,0.7003569585676211,6,Médio
16,737442.5149937732,737442.515283125,df_ID_20,Fase Execucao,0.2619047619047618,0.247688958133589,0.925,0.9664429530201344,"[2, 3, 3, 3, 2, 2, 4, 4, 4, 1, 3, 4, 2, 3, 1, 1, 1, 4, 4, 4, 4]","[2, 3, 2, 4, 1, 3, 4, 2, 3, 1, 4]",0.125,0.5694444444444444,0.0,0.4182539682539682,0.8183621933643848,0.7489445473692184,0.6477873977881282,0.6126264543008029,6,Médio
17,737442.5163883681,737442.5166777084,df_ID_20,Fase Execucao,0.3148148148148147,0.3010516794912767,0.9346153846153846,0.977948226270374,"[2, 3, 2, 2, 4, 3, 3, 1, 1, 3, 1, 4, 4, 4, 2, 2, 3, 3, 1, 4, 1, 1, 4, 4]","[2, 3, 2, 4, 3, 1, 3, 1, 4, 2, 3, 1, 4, 1, 4]",0.5,0.5694444444444444,0.0,0.4182539682539682,0.707266886878894,0.7489445473692184,0.7357556289596313,0.7035897212262774,8,Difícil
9,737442.5173322569,737442.5176216203,df_ID_20,Fase Execucao,0.5555555555555556,0.5379442518704264,0.9576923076923076,0.9789069990412272,"[2, 2, 2, 3, 3, 3, 1, 1, 1, 4, 4, 4, 3, 1, 4, 4, 3, 3, 1, 4, 4, 2, 3, 3, 1, 2, 2, 4, 4, 1, 1, 4]","[2, 3, 1, 4, 3, 1, 4, 3, 1, 4, 2, 3, 1, 2, 4, 1, 4]",0.625,0.5694444444444444,0.0,0.4182539682539682,0.5828666591251804,0.7489445473692184,0.7359555530417268,0.7126255069036517,8,Difícil
12,737442.5184233912,737442.5187127546,df_ID_20,Fase Execucao,0.1481481481481481,0.142739959518483,0.95,0.9769894534995206,"[2, 2, 1, 1, 2, 2, 2, 3, 3, 1, 3, 1, 1, 4, 4, 4, 3]","[2, 1, 2, 3, 1, 3, 1, 4, 3]",0.3125,0.5694444444444444,0.3333333333333333,0.4182539682539682,0.8524653938468247,0.7489445473692184,0.6105440201711638,0.5882559438835155,8,Difícil
5,737443.5188303357,737443.519119699,df_ID_22,Fase Execucao,0.3333333333333333,0.4970994050692038,1.2826923076923078,1.6999041227229146,"[0, 1, 1, 3, 3, 1, 2, 2, 2, 4, 4, 4]","[1, 3, 1, 2, 4]",0.5,0.5555555555555556,0.6,0.4208994708994709,0.8447367914999205,0.7535946485311601,0.5815789304999736,0.867307621056962,4,Fácil
13,737443.5214574421,737443.521746794,df_ID_22,Fase Execucao,0.6,0.5424138948300021,0.9307692307692308,0.8772770853307766,"[3, 1, 3, 1, 3, 1, 4, 4, 2, 2, 3, 1, 3, 2, 2, 4, 4, 4, 2, 4, 4, 4]","[3, 1, 3, 1, 3, 1, 4, 2, 3, 1, 3, 2, 4, 2, 4]",0.625,0.5555555555555556,0.7142857142857143,0.4208994708994709,0.647236671223138,0.7535946485311601,0.5193169856458079,0.4694745813925317,4,Fácil
7,737443.5236544329,737443.5239438078,df_ID_22,Fase Execucao,0.3,0.2772488752857881,0.9346153846153846,0.9137104506232024,"[1, 1, 3, 1, 3, 2, 2, 3, 2, 4, 1, 4, 2, 4, 2, 4, 4, 4]","[1, 3, 1, 3, 2, 3, 2, 4, 1, 4, 2, 4, 2, 4]",0.625,0.5555555555555556,0.8,0.4208994708994709,0.7838180581610249,0.7535946485311601,0.536272686053675,0.4956033301828996,4,Fácil
8,737443.5255365509,737443.5258259028,df_ID_22,Fase Execucao,0.2142857142857142,0.2102711167068789,0.9730769230769232,0.9894534995206136,"[1, 1, 1, 3, 3, 3, 2, 4, 4, 2, 2, 1, 3, 3, 2, 4, 4, 4]","[1, 3, 2, 4, 2, 1, 3, 2, 4]",0.875,0.5555555555555556,1.0,0.4208994708994709,0.8291761914687816,0.7535946485311601,0.5680587304895939,0.5574162702039814,6,Médio
3,737443.5273032639,737443.5275926157,df_ID_22,Fase Execucao,0.4523809523809523,0.4430332251640976,0.9653846153846154,0.9932885906040269,"[1, 3, 1, 3, 1, 3, 2, 2, 2, 4, 4, 4, 3, 4, 4, 4]","[1, 3, 1, 3, 1, 3, 2, 4, 3, 4]",0.6875,0.5555555555555556,0.6666666666666666,0.4208994708994709,0.8328947292607425,0.7535946485311601,0.6179093541980253,0.6051412478987088,6,Médio
18,737443.5288503588,737443.5291396991,df_ID_22,Fase Execucao,0.3809523809523809,0.321699170117195,0.8480769230769231,0.840843720038351,"[1, 3, 1, 1, 3, 3, 2, 2, 2, 4, 4, 4, 1, 3, 2, 2, 2, 4, 4, 4, 4]","[1, 3, 1, 3, 2, 4, 1, 3, 2, 4]",0.75,0.5555555555555556,0.0,0.4208994708994709,0.84427854054788,0.7535946485311601,0.8647595135159599,0.7302550968537133,6,Médio
6,737443.5300682175,737443.5303575695,df_ID_22,Fase Execucao,0.6296296296296295,0.5051147864067327,0.825,0.7794822627037392,"[1, 3, 1, 1, 3, 2, 3, 2, 2, 1, 4, 4, 2, 4, 1, 1, 3, 3, 2, 4, 2, 2, 4, 4]","[1, 3, 1, 3, 2, 3, 2, 1, 4, 2, 4, 1, 3, 2, 4, 2, 4]",0.6875,0.5555555555555556,1.0,0.4208994708994709,0.7565859899895366,0.7535946485311601,0.4813619966631788,0.3861683927928634,8,Difícil
11,737443.5319423842,737443.5322317361,df_ID_22,Fase Execucao,0.1851851851851851,0.1538907121960813,0.8288461538461539,0.8331735378715245,"[1, 1, 1, 3, 3, 3, 2, 2, 2, 4, 4, 4, 3, 2, 4, 4, 3, 3, 2, 4, 4, 1, 3, 3, 2, 1, 1, 4, 4, 2, 2, 4]","[1, 3, 2, 4, 3, 2, 4, 3, 2, 4, 1, 3, 2, 1, 4, 2, 4]",0.75,0.5555555555555556,0.5,0.4208994708994709,0.6046066240618893,0.7535946485311601,0.6182022080206298,0.5137321215968176,8,Difícil
15,737443.5330661458,737443.5333554976,df_ID_22,Fase Execucao,0.1481481481481481,0.1129271797057031,0.6903846153846154,0.8341323106423778,"[1, 1, 1, 3, 2, 3, 3, 2, 2, 4, 4, 4, 2, 4, 4, 4, 3]","[1, 3, 2, 3, 2, 4, 2, 4, 3]",0.5625,0.5555555555555556,1.0,0.4208994708994709,0.862615766297429,0.7535946485311601,0.4750385887658097,0.3621021845447265,8,Difícil
1,737443.5367415857,737443.537030926,df_ID_22,Fase Execucao,0.2333333333333333,0.3479695835484426,1.2826923076923078,1.6999041227229146,"[0, 2, 2, 3, 3, 2, 1, 1, 1, 4, 4, 4]","[2, 3, 2, 1, 4]",0.5,0.5555555555555556,0.0,0.4208994708994709,0.7826237921249264,0.7535946485311601,0.7608745973749755,1.1346909290621108,4,Fácil
14,737443.5383891088,737443.5386784606,df_ID_22,Fase Execucao,0.3,0.2712069474150012,0.9307692307692308,0.8772770853307766,"[3, 2, 3, 2, 3, 2, 4, 4, 1, 1, 3, 2, 3, 1, 1, 4, 4, 4, 1, 4, 4, 4]","[3, 2, 3, 2, 3, 2, 4, 1, 3, 2, 3, 1, 4, 1, 4]",0.375,0.5555555555555556,0.4285714285714285,0.4208994708994709,0.617281421857993,0.7535946485311601,0.5212366644288547,0.4712100154684233,4,Fácil
2,737443.5395946297,737443.5398839815,df_ID_22,Fase Execucao,0.4,0.3696651670477174,0.9346153846153846,0.9137104506232024,"[2, 2, 3, 2, 3, 1, 1, 3, 1, 4, 2, 4, 1, 4, 1, 4, 4, 4]","[2, 3, 2, 3, 1, 3, 1, 4, 2, 4, 1, 4, 1, 4]",0.5,0.5555555555555556,0.2,0.4208994708994709,0.7267220926874316,0.7535946485311601,0.6755740308958105,0.6243404674604989,4,Fácil
10,737443.541381088,737443.5416704514,df_ID_22,Fase Execucao,0.1904761904761904,0.1869076592950034,0.9730769230769232,0.9894534995206136,"[2, 2, 2, 3, 3, 3, 1, 4, 4, 1, 1, 2, 3, 3, 1, 4, 4, 4]","[2, 3, 1, 4, 1, 2, 3, 1, 4]",0.375,0.5555555555555556,0.0,0.4208994708994709,0.7600781755130499,0.7535946485311601,0.7116927251710167,0.6983593123447339,6,Médio
4,737443.5452276621,737443.5455170255,df_ID_22,Fase Execucao,0.2857142857142857,0.2798104579983774,0.9653846153846154,0.9932885906040269,"[2, 3, 2, 3, 2, 3, 1, 1, 1, 4, 4, 4, 3, 4, 4, 4]","[2, 3, 2, 3, 2, 3, 1, 4, 3, 4]",0.4375,0.5555555555555556,0.0,0.4208994708994709,0.805735118523979,0.7535946485311601,0.747745039507993,0.7322940868976123,6,Médio
16,737443.5468348842,737443.5471242361,df_ID_22,Fase Execucao,0.2857142857142857,0.2412743775878962,0.8480769230769231,0.840843720038351,"[2, 3, 2, 2, 3, 3, 1, 1, 1, 4, 4, 4, 2, 3, 1, 1, 1, 4, 4, 4, 4]","[2, 3, 2, 3, 1, 4, 2, 3, 1, 4]",0.4375,0.5555555555555556,0.0,0.4208994708994709,0.7621632257233177,0.7535946485311601,0.7332210752411058,0.6191761049709406,6,Médio
17,737443.5480776042,737443.5483669561,df_ID_22,Fase Execucao,0.5555555555555555,0.4456895174177052,0.825,0.7794822627037392,"[2, 3, 2, 2, 3, 1, 3, 1, 1, 2, 4, 4, 1, 4, 2, 2, 3, 3, 1, 4, 1, 1, 4, 4]","[2, 3, 2, 3, 1, 3, 1, 2, 4, 1, 4, 2, 3, 1, 4, 1, 4]",0.4375,0.5555555555555556,0.0,0.4208994708994709,0.7075088383331438,0.7535946485311601,0.715002946111048,0.573604772408047,8,Difícil
9,737443.5493740278,737443.5496633797,df_ID_22,Fase Execucao,0.5555555555555556,0.461672136588244,0.8288461538461539,0.8331735378715245,"[2, 2, 2, 3, 3, 3, 1, 1, 1, 4, 4, 4, 3, 1, 4, 4, 3, 3, 1, 4, 4, 2, 3, 3, 1, 2, 2, 4, 4, 1, 1, 4]","[2, 3, 1, 4, 3, 1, 4, 3, 1, 4, 2, 3, 1, 2, 4, 1, 4]",0.625,0.5555555555555556,0.0,0.4208994708994709,0.5828666591251804,0.7535946485311601,0.7359555530417268,0.6115863106921621,8,Difícil
12,737443.5505429051,737443.5508322569,df_ID_22,Fase Execucao,0.3518518518518518,0.268202051801045,0.6903846153846154,0.8341323106423778,"[2, 2, 2, 3, 1, 3, 3, 1, 1, 4, 4, 4, 1, 4, 4, 4, 3]","[2, 3, 1, 3, 1, 4, 1, 4, 3]",0.25,0.5555555555555556,0.6666666666666666,0.4208994708994709,0.8137749871615185,0.7535946485311601,0.4657027734982839,0.3549858803479244,8,Difícil
13,737448.4708293403,737448.4711187037,df_ID_30,Fase Execucao,0.1666666666666666,0.1554639292474863,0.928846153846154,0.9367209971236816,"[1, 3, 1, 3, 1, 3, 4, 4, 4, 2, 3, 3, 2, 2, 3, 4, 4, 4]","[1, 3, 1, 3, 1, 3, 4, 2, 3, 2, 3, 4]",0.5625,0.5694444444444444,1.0,0.4253968253968253,0.731126155013931,0.7352028525704611,0.4312087183379769,0.402224410071567,4,Fácil
7,737448.4725899537,737448.4728793171,df_ID_30,Fase Execucao,0.9333333333333332,0.8661108242987439,0.9192307692307692,0.9367209971236816,"[1, 3, 1, 1, 3, 3, 2, 2, 2, 4, 4, 1, 4, 2, 2, 4, 4, 4, 2, 4, 4, 4]","[1, 3, 1, 3, 2, 4, 1, 4, 2, 4, 2, 4]",0.8125,0.5694444444444444,0.4285714285714285,0.4253968253968253,0.6439760123403022,0.7352028525704611,0.6759681945896245,0.6272821823740214,4,Fácil
2,737448.4739677662,737448.4742571296,df_ID_30,Fase Execucao,0.3333333333333333,0.310287754750842,0.926923076923077,0.9348034515819752,"[1, 1, 2, 2, 1, 1, 1, 3, 3, 3, 2, 2, 2, 4, 4, 1, 4, 4]","[1, 2, 1, 3, 2, 4, 1, 4]",0.75,0.5694444444444444,0.6,0.4253968253968253,0.7338721796528167,0.7352028525704611,0.6279573932176056,0.5845424688620474,4,Fácil
8,737448.4755958449,737448.4758851967,df_ID_30,Fase Execucao,0.2142857142857142,0.1992622849346243,0.9173076923076924,0.9424736337488016,"[1, 1, 1, 3, 3, 3, 2, 4, 4, 2, 2, 1, 3, 3, 2, 4, 4, 4]","[1, 3, 2, 4, 2, 1, 3, 2, 4]",0.875,0.5694444444444444,1.0,0.4253968253968253,0.8291761914687816,0.7352028525704611,0.5680587304895939,0.5282325095339526,6,Médio
5,737448.4773833912,737448.477672743,df_ID_30,Fase Execucao,0.6190476190476191,0.5753583983929142,0.926923076923077,0.9319271332694152,"[1, 3, 1, 1, 3, 3, 2, 2, 4, 2, 4, 4, 3, 4, 4, 4]","[1, 3, 1, 3, 2, 4, 2, 4, 3, 4]",0.6875,0.5694444444444444,0.6666666666666666,0.4253968253968253,0.8510011364185847,0.7352028525704611,0.6239448232506394,0.5799099829239842,6,Médio
12,737448.4786179282,737448.4789072917,df_ID_30,Fase Execucao,0.4761904761904761,0.4453240511485957,0.928846153846154,0.9415148609779482,"[1, 1, 1, 3, 3, 3, 2, 2, 2, 1, 4, 2, 4, 4, 2, 2, 2, 4, 4, 4, 4]","[1, 3, 2, 1, 4, 2, 4, 2, 4]",0.8125,0.5694444444444444,0.0,0.4253968253968253,0.8307724743085091,0.7352028525704611,0.881090824769503,0.8239789645840463,6,Médio
16,737448.47975853,737448.480047882,df_ID_30,Fase Execucao,0.4074074074074074,0.3800218113976503,0.926923076923077,0.9386385426653884,"[1, 1, 1, 3, 3, 3, 2, 2, 2, 4, 4, 1, 4, 2, 1, 1, 3, 3, 2, 4, 2, 2, 4, 4]","[1, 3, 2, 4, 1, 4, 2, 1, 3, 2, 4, 2, 4]",0.875,0.5694444444444444,1.0,0.4253968253968253,0.7329426778023636,0.7352028525704611,0.5359808926007879,0.4999526910343985,8,Difícil
18,737448.4808621064,737448.4811514583,df_ID_30,Fase Execucao,0.3888888888888889,0.3591930534044628,0.903846153846154,0.9434324065196548,"[1, 3, 3, 3, 1, 1, 4, 4, 4, 2, 2, 4, 3, 2, 4, 4, 3, 3, 2, 4, 4, 1, 3, 3, 2, 1, 1, 4, 4, 2, 2, 4]","[1, 3, 1, 4, 2, 4, 3, 2, 4, 3, 2, 4, 1, 3, 2, 1, 4, 2, 4]",0.5625,0.5694444444444444,1.0,0.4253968253968253,0.5916028110444587,0.7352028525704611,0.3847009370148195,0.3553248965500567,8,Difícil
17,737448.4823263773,737448.4826157292,df_ID_30,Fase Execucao,0.1851851851851851,0.1747836273842985,0.9442307692307692,0.9434324065196548,"[1, 1, 1, 3, 3, 3, 2, 4, 2, 3, 2, 4, 4, 4, 4, 4, 3]","[1, 3, 2, 4, 2, 3, 2, 4, 3]",0.6875,0.5694444444444444,1.0,0.4253968253968253,0.8566856228572162,0.7352028525704611,0.5147285409524054,0.4858170561317999,8,Difícil
10,737448.4841651504,737448.4844545024,df_ID_30,Fase Execucao,0.5333333333333334,0.4974845735919562,0.928846153846154,0.9367209971236816,"[2, 3, 2, 3, 2, 3, 4, 4, 4, 1, 3, 3, 1, 1, 3, 4, 4, 4]","[2, 3, 2, 3, 2, 3, 4, 1, 3, 1, 3, 4]",0.5625,0.5694444444444444,0.0,0.4253968253968253,0.6876067410250065,0.7352028525704611,0.7500355803416688,0.6996208703720073,4,Fácil
6,737448.4853502084,737448.4856395602,df_ID_30,Fase Execucao,0.2333333333333333,0.2165277060746859,0.9192307692307692,0.9367209971236816,"[2, 3, 2, 2, 3, 3, 1, 1, 1, 4, 4, 2, 4, 1, 1, 4, 4, 4, 1, 4, 4, 4]","[2, 3, 2, 3, 1, 4, 2, 4, 1, 4, 1, 4]",0.375,0.5694444444444444,0.4285714285714285,0.4253968253968253,0.618878530405428,0.7352028525704611,0.5217690339446664,0.4841890800893296,4,Fácil
14,737448.4868129977,737448.4871023495,df_ID_30,Fase Execucao,0.4,0.3723453057010104,0.926923076923077,0.9348034515819752,"[2, 1, 2, 2, 2, 3, 3, 3, 1, 1, 1, 4, 4, 2, 4, 4, 4, 4]","[2, 1, 2, 3, 1, 4, 2, 4]",0.4375,0.5694444444444444,0.2,0.4253968253968253,0.746932502482859,0.7352028525704611,0.6614775008276197,0.6157451056500011,4,Fácil
9,737448.4888166203,737448.4891059722,df_ID_30,Fase Execucao,0.1904761904761904,0.1771220310529994,0.9173076923076924,0.9424736337488016,"[2, 2, 2, 3, 3, 3, 1, 4, 4, 1, 1, 2, 3, 3, 1, 4, 4, 4]","[2, 3, 1, 4, 1, 2, 3, 1, 4]",0.375,0.5694444444444444,0.0,0.4253968253968253,0.7600781755130499,0.7352028525704611,0.7116927251710167,0.6617964200816565,6,Médio
15,737448.4900998727,737448.4903892245,df_ID_30,Fase Execucao,0.4999999999999999,0.4647125525481229,0.926923076923077,0.9319271332694152,"[2, 3, 2, 2, 3, 3, 1, 1, 4, 1, 4, 4, 3, 4, 4, 4]","[2, 3, 2, 3, 1, 4, 1, 4, 3, 4]",0.375,0.5694444444444444,0.0,0.4253968253968253,0.7785755077872157,0.7352028525704611,0.7178585025957386,0.6671957142192781,6,Médio
4,737448.4916861689,737448.4919755209,df_ID_30,Fase Execucao,0.4047619047619047,0.3785254434763063,0.928846153846154,0.9415148609779482,"[2, 2, 2, 3, 3, 3, 1, 1, 1, 2, 4, 1, 4, 4, 1, 1, 1, 4, 4, 4, 4]","[2, 3, 1, 2, 4, 1, 4, 1, 4]",0.4375,0.5694444444444444,0.0,0.4253968253968253,0.72782274176995,0.7352028525704611,0.7217742472566501,0.6749892067864253,6,Médio
11,737448.4926256018,737448.4929149537,df_ID_30,Fase Execucao,0.5185185185185185,0.4836641235970095,0.926923076923077,0.9386385426653884,"[2, 2, 2, 3, 3, 3, 1, 1, 1, 4, 4, 2, 4, 1, 2, 2, 3, 3, 1, 4, 1, 1, 4, 4]","[2, 3, 1, 4, 2, 4, 1, 2, 3, 1, 4, 1, 4]",0.5,0.5694444444444444,0.0,0.4253968253968253,0.7234079133518662,0.7352028525704611,0.7411359711172887,0.6913174113064195,8,Difícil
1,737448.4934833102,737448.493772662,df_ID_30,Fase Execucao,0.5555555555555556,0.5131329334349468,0.903846153846154,0.9434324065196548,"[2, 3, 3, 3, 2, 2, 4, 4, 4, 1, 1, 4, 3, 1, 4, 4, 3, 3, 1, 4, 4, 2, 3, 3, 1, 2, 2, 4, 4, 1, 1, 4]","[2, 3, 2, 4, 1, 4, 3, 1, 4, 3, 1, 4, 2, 3, 1, 2, 4, 1, 4]",0.25,0.5694444444444444,0.0,0.4253968253968253,0.5725403886200184,0.7352028525704611,0.6075134628733395,0.5611232975497549,8,Difícil
3,737448.4946726505,737448.4949620023,df_ID_30,Fase Execucao,0.4074074074074074,0.3845239802454567,0.9442307692307692,0.9434324065196548,"[2, 2, 2, 3, 3, 3, 1, 4, 1, 3, 1, 4, 4, 4, 4, 4, 3]","[2, 3, 1, 4, 1, 3, 1, 4, 3]",0.3125,0.5694444444444444,0.3333333333333333,0.4253968253968253,0.8166535844059444,0.7352028525704611,0.5986067503575371,0.5649839597027748,8,Difícil
6,737455.3794834143,737455.3797727663,df_ID_35,Fase Execucao,0.1666666666666666,0.1326635752390786,0.8057692307692308,0.7861936720997124,"[1, 1, 3, 1, 3, 2, 3, 2, 4, 2, 4, 4, 2, 2, 3, 4, 4, 4]","[1, 3, 1, 3, 2, 3, 2, 4, 2, 4, 2, 3, 4]",0.6875,0.5603395061728396,0.6,0.3485088985088985,0.7543422685124546,0.7390254128078984,0.6139474228374848,0.4886907607346344,4,Fácil
3,737455.3805708565,737455.3808602083,df_ID_35,Fase Execucao,0.8333333333333333,0.6744620731617376,0.7711538461538462,0.8475551294343241,"[1, 3, 1, 4, 1, 3, 3, 3, 2, 2, 4, 2, 4, 2, 2, 4, 4, 4, 2, 4, 4, 4]","[1, 3, 1, 4, 1, 3, 2, 4, 2, 4, 2, 4, 2, 4]",0.6875,0.5603395061728396,0.7142857142857143,0.3485088985088985,0.6314094187256224,0.7390254128078984,0.534874568146636,0.4329031321364031,4,Fácil
16,737455.3816993635,737455.3819887269,df_ID_35,Fase Execucao,0.2,0.1608256508592079,0.8038461538461539,0.8044103547459253,"[1, 3, 1, 1, 3, 3, 2, 2, 4, 4, 1, 2, 2, 4, 4, 1, 4, 4]","[1, 3, 1, 3, 2, 4, 1, 2, 4, 1, 4]",0.625,0.5603395061728396,0.6,0.3485088985088985,0.7639898923124281,0.7390254128078984,0.5963299641041426,0.4795257730194841,4,Fácil
11,737455.3829659143,737455.3832552546,df_ID_35,Fase Execucao,0.1666666666666666,0.1481867824569167,0.9019230769230768,0.8763183125599233,"[3, 3, 3, 2, 2, 2, 4, 4, 4, 2, 2, 1, 3, 3, 2, 4, 4, 4]","[3, 2, 4, 2, 1, 3, 2, 4]",0.375,0.5603395061728396,0.0,0.3485088985088985,0.7857187992600521,0.7390254128078984,0.7202395997533507,0.6403799333130392,6,Médio
7,737455.3840942824,737455.3843836343,df_ID_35,Fase Execucao,0.6666666666666665,0.5398376232268849,0.7173076923076923,0.9022051773729626,"[1, 3, 1, 1, 3, 3, 2, 2, 2, 4, 1, 1, 4, 2, 2, 4]","[1, 3, 1, 3, 2, 4, 1, 4, 2, 4]",0.6875,0.5603395061728396,1.0,0.3485088985088985,0.8122555239237086,0.7390254128078984,0.4999185079745695,0.4048122287281832,6,Médio
17,737455.3850952778,737455.3853846296,df_ID_35,Fase Execucao,0.3809523809523809,0.3487569317866537,0.9019230769230768,0.9290508149568552,"[2, 2, 2, 1, 1, 1, 3, 3, 3, 2, 4, 4, 4, 2, 3, 3, 3, 2, 4, 4, 4]","[2, 1, 3, 2, 4, 2, 3, 2, 4]",0.25,0.5603395061728396,0.0,0.3485088985088985,0.9241802138091172,0.7390254128078984,0.7247267379363724,0.6634778679544038,6,Médio
14,737455.3862354861,737455.3865248496,df_ID_35,Fase Execucao,0.4074074074074074,0.345593947439585,0.8346153846153846,0.8619367209971237,"[1, 1, 2, 4, 2, 2, 1, 3, 1, 1, 3, 3, 2, 2, 4, 4, 2, 4, 2, 4, 2, 2, 4, 4]","[1, 2, 4, 2, 1, 3, 1, 3, 2, 4, 2, 4, 2, 4, 2, 4]",0.5,0.5603395061728396,0.5,0.3485088985088985,0.746003846592251,0.7390254128078984,0.582001282197417,0.4936977503906037,8,Difícil
8,737455.3870521412,737455.3873414815,df_ID_35,Fase Execucao,0.4444444444444445,0.3853406101728249,0.8653846153846154,0.8686481303930969,"[1, 1, 1, 3, 3, 3, 2, 4, 4, 4, 2, 3, 2, 1, 3, 3, 2, 4, 4, 4, 4, 1, 3, 3, 2, 1, 1, 4, 4, 2, 2, 4]","[1, 3, 2, 4, 2, 3, 2, 1, 3, 2, 4, 1, 3, 2, 1, 4, 2, 4]",0.875,0.5603395061728396,1.0,0.3485088985088985,0.5625363219578721,0.7390254128078984,0.4791787739859574,0.4154558425866337,8,Difícil
5,737455.388044838,737455.3883342014,df_ID_35,Fase Execucao,0.3518518518518518,0.2988067922631681,0.8384615384615385,0.8600191754554171,"[1, 3, 1, 1, 3, 3, 2, 2, 4, 2, 4, 4, 4, 4, 4, 4, 3]","[1, 3, 1, 3, 2, 4, 2, 4, 3]",0.6875,0.5603395061728396,0.6666666666666666,0.3485088985088985,0.8459212859869939,0.7390254128078984,0.6222515397734424,0.5284411197551606,8,Difícil
15,737455.3890377778,737455.3893271296,df_ID_35,Fase Execucao,0.4666666666666667,0.3714580106694201,0.8057692307692308,0.7861936720997124,"[2, 2, 3, 2, 3, 1, 3, 1, 4, 1, 4, 4, 1, 1, 3, 4, 4, 4]","[2, 3, 2, 3, 1, 3, 1, 4, 1, 4, 1, 3, 4]",0.4375,0.5603395061728396,0.4,0.3485088985088985,0.6961061401749461,0.7390254128078984,0.5778687133916488,0.4599727772240553,4,Fácil
1,737455.3902880208,737455.3905773726,df_ID_35,Fase Execucao,0.2666666666666666,0.215827863411756,0.7711538461538462,0.8475551294343241,"[2, 3, 2, 4, 2, 3, 3, 3, 1, 1, 4, 1, 4, 1, 1, 4, 4, 4, 1, 4, 4, 4]","[2, 3, 2, 4, 2, 3, 1, 4, 1, 4, 1, 4, 1, 4]",0.4375,0.5603395061728396,0.4285714285714285,0.3485088985088985,0.6110144430816993,0.7390254128078984,0.5399810048367569,0.4370360495881888,4,Fácil
2,737455.3912028241,737455.3914921759,df_ID_35,Fase Execucao,0.5,0.4020641271480197,0.8038461538461539,0.8044103547459253,"[2, 3, 2, 2, 3, 3, 1, 1, 4, 4, 2, 1, 1, 2, 4, 4, 4, 4]","[2, 3, 2, 3, 1, 4, 2, 1, 2, 4]",0.4375,0.5603395061728396,0.0,0.3485088985088985,0.7008255578851517,0.7390254128078984,0.7127751859617172,0.5731626659929305,4,Fácil
4,737455.3925187152,737455.3928080671,df_ID_35,Fase Execucao,0.1904761904761904,0.1693563228079047,0.9019230769230768,0.8763183125599233,"[3, 3, 3, 1, 1, 1, 4, 4, 4, 1, 1, 2, 3, 3, 1, 4, 4, 4]","[3, 1, 4, 1, 2, 3, 1, 4]",0.6111111111111112,0.5603395061728396,0.3636363636363636,0.3485088985088985,0.7448242193142117,0.7390254128078984,0.6640996555963197,0.5904647471613907,6,Médio
18,737455.3934049653,737455.3936943056,df_ID_35,Fase Execucao,0.5476190476190477,0.4434380476506555,0.7173076923076923,0.9022051773729626,"[2, 3, 2, 2, 3, 3, 1, 1, 1, 4, 2, 2, 4, 1, 1, 4]","[2, 3, 2, 3, 1, 4, 2, 4, 1, 4]",0.4375,0.5603395061728396,0.0,0.3485088985088985,0.7683498199278324,0.7390254128078984,0.7352832733092775,0.5954003619926466,6,Médio
13,737455.3943895949,737455.3946789468,df_ID_35,Fase Execucao,0.6428571428571428,0.5885273223899781,0.9019230769230768,0.9290508149568552,"[1, 1, 1, 2, 2, 2, 3, 3, 3, 1, 4, 4, 4, 1, 3, 3, 3, 1, 4, 4, 4]","[1, 2, 3, 1, 4, 1, 3, 1, 4]",1.0,0.5603395061728396,0.0,0.3485088985088985,0.9161253813129044,0.7390254128078984,0.972041793770968,0.88989157310539,6,Médio
9,737455.395173669,737455.3954630324,df_ID_35,Fase Execucao,0.2222222222222222,0.1885057895125009,0.8346153846153846,0.8619367209971237,"[2, 2, 1, 4, 1, 1, 2, 3, 2, 2, 3, 3, 1, 1, 4, 4, 1, 4, 1, 4, 1, 1, 4, 4]","[2, 1, 4, 1, 2, 3, 2, 3, 1, 4, 1, 4, 1, 4, 1, 4]",0.6,0.5603395061728396,0.0,0.3485088985088985,0.6595766883899815,0.7390254128078984,0.7531922294633272,0.6389149314134936,8,Difícil
10,737455.3961579051,737455.3964472685,df_ID_35,Fase Execucao,0.5555555555555556,0.4816757627160312,0.8653846153846154,0.8686481303930969,"[2, 2, 2, 3, 3, 3, 1, 4, 4, 4, 1, 3, 1, 2, 3, 3, 1, 4, 4, 4, 4, 2, 3, 3, 1, 2, 2, 4, 4, 1, 1, 4]","[2, 3, 1, 4, 1, 3, 1, 2, 3, 1, 4, 2, 3, 1, 2, 4, 1, 4]",0.375,0.5603395061728396,0.0,0.3485088985088985,0.5568541368875906,0.7390254128078984,0.6439513789625302,0.5583163889048702,8,Difícil
12,737455.3971874074,737455.3974767593,df_ID_35,Fase Execucao,0.4074074074074074,0.3459868120941947,0.8384615384615385,0.8600191754554171,"[2, 3, 2, 2, 3, 3, 1, 1, 4, 1, 4, 4, 4, 4, 4, 4, 3]","[2, 3, 2, 3, 1, 4, 1, 4, 3]",0.375,0.5603395061728396,0.0,0.3485088985088985,0.8224234724873553,0.7390254128078984,0.7324744908291184,0.6220468980546998,8,Difícil
13,737460.4998052778,737460.5000946296,df_ID_41,Fase Execucao,0.1666666666666666,0.1283200580180446,0.6846153846153846,0.8552253116011506,"[1, 3, 1, 3, 1, 3, 4, 4, 4, 2, 4, 4, 2, 2, 3, 4, 4, 4]","[1, 3, 1, 3, 1, 3, 4, 2, 4, 2, 3, 4]",0.4375,0.5707908163265306,0.8,0.3587301587301587,0.743735475892174,0.7378951530745901,0.4604118252973913,0.3544804328061304,4,Fácil
7,737460.5016115856,737460.5019009375,df_ID_41,Fase Execucao,0.6666666666666667,0.5116951840106203,0.698076923076923,0.8370086289549377,"[3, 1, 1, 1, 3, 3, 2, 2, 2, 4, 4, 1, 2, 4, 2, 4, 4, 4, 2, 4, 4, 4]","[3, 1, 3, 2, 4, 1, 2, 4, 2, 4, 2, 4]",0.75,0.5707908163265306,0.4285714285714285,0.3587301587301587,0.6439760123403022,0.7378951530745901,0.6551348612562912,0.5028440300734651,4,Fácil
2,737460.5028385185,737460.5031278704,df_ID_41,Fase Execucao,0.3333333333333333,0.257769747031492,0.7076923076923077,0.8389261744966443,"[1, 1, 2, 2, 1, 1, 1, 3, 3, 3, 2, 2, 2, 4, 4, 4, 4, 4]","[1, 2, 1, 3, 2, 4]",0.6875,0.5707908163265306,0.6,0.3587301587301587,0.778498944161523,0.7378951530745901,0.621999648053841,0.4809980757975469,4,Fácil
8,737460.504610162,737460.5048995023,df_ID_41,Fase Execucao,0.2142857142857142,0.1680759616701611,0.7211538461538461,0.8475551294343241,"[1, 1, 1, 3, 3, 3, 2, 4, 4, 2, 2, 3, 3, 4, 4, 4, 4, 4]","[1, 3, 2, 4, 2, 3, 4]",0.75,0.5707908163265306,1.0,0.3587301587301587,0.8564837422365724,0.7378951530745901,0.5354945807455241,0.4200175775971639,6,Médio
5,737460.506008993,737460.5062983565,df_ID_41,Fase Execucao,0.5119047619047619,0.3735264356129648,0.7038461538461539,0.7555129434324065,"[3, 1, 1, 1, 3, 3, 2, 2, 2, 4, 4, 4, 4, 2, 2, 4]","[3, 1, 3, 2, 4, 2, 4]",0.875,0.5707908163265306,0.0,0.3587301587301587,0.8856805450067885,0.7378951530745901,0.920226848335596,0.6714707113392651,6,Médio
12,737460.5075795486,737460.5078689004,df_ID_41,Fase Execucao,0.4285714285714285,0.3322353102314751,0.7,0.850431447746884,"[3, 1, 1, 1, 4, 3, 3, 3, 2, 2, 2, 4, 4, 4, 3, 3, 3, 2, 4, 4, 4]","[3, 1, 4, 3, 2, 4, 3, 2, 4]",0.75,0.5707908163265306,0.0,0.3587301587301587,0.8283428842596728,0.7378951530745901,0.8594476280865576,0.6662573151384334,6,Médio
16,737460.5087825694,737460.5090719329,df_ID_41,Fase Execucao,0.3148148148148147,0.2396666796415118,0.6865384615384615,0.8360498561840843,"[1, 3, 1, 1, 3, 2, 3, 2, 2, 4, 4, 4, 2, 2, 4, 4, 2, 4, 2, 4, 2, 2, 4, 4]","[1, 3, 1, 3, 2, 3, 2, 4, 2, 4, 2, 4, 2, 4, 2, 4]",0.625,0.5707908163265306,1.0,0.3587301587301587,0.7194430788361927,0.7378951530745901,0.4481476929453976,0.3411722209464864,8,Difícil
18,737460.5099813079,737460.5102706597,df_ID_41,Fase Execucao,0.3703703703703703,0.2860485586995653,0.6942307692307692,0.850431447746884,"[3, 3, 3, 1, 1, 1, 4, 4, 4, 2, 2, 2, 2, 1, 3, 3, 2, 4, 4, 4, 4, 1, 3, 3, 2, 1, 1, 4, 4, 2, 2, 4]","[3, 1, 4, 2, 1, 3, 2, 4, 1, 3, 2, 1, 4, 2, 4]",0.75,0.5707908163265306,0.5,0.3587301587301587,0.5678786671233875,0.7378951530745901,0.6059595557077958,0.4680014153591988,8,Difícil
17,737460.5116507986,737460.5119401504,df_ID_41,Fase Execucao,0.0,0.0,0.7096153846153846,0.8513902205177373,"[1, 1, 1, 3, 3, 3, 4, 4, 4, 2, 2, 2, 3, 3, 3, 4, 4]","[1, 3, 4, 2, 3, 4]",0.5625,0.5707908163265306,0.6666666666666666,0.3587301587301587,0.8438088781346117,0.7378951530745901,0.5798807371559817,0.452598540504607,8,Difícil
10,737460.5144024075,737460.5146917593,df_ID_41,Fase Execucao,0.5,0.3849601740541338,0.6846153846153846,0.8552253116011506,"[2, 3, 2, 3, 2, 3, 4, 4, 4, 1, 4, 4, 1, 1, 3, 4, 4, 4]","[2, 3, 2, 3, 2, 3, 4, 1, 4, 1, 3, 4]",0.375,0.5707908163265306,0.0,0.3587301587301587,0.7103091623689303,0.7378951530745901,0.6951030541229768,0.5351739854014823,4,Fácil
6,737460.5158907523,737460.5161801158,df_ID_41,Fase Execucao,0.2333333333333333,0.1790933144037171,0.698076923076923,0.8370086289549377,"[3, 2, 2, 2, 3, 3, 1, 1, 1, 4, 4, 2, 1, 4, 1, 4, 4, 4, 1, 4, 4, 4]","[3, 2, 3, 1, 4, 2, 1, 4, 1, 4, 1, 4]",0.375,0.5707908163265306,0.4285714285714285,0.3587301587301587,0.618878530405428,0.7378951530745901,0.5217690339446664,0.4004800527530395,4,Fácil
14,737460.5169575694,737460.5172469213,df_ID_41,Fase Execucao,0.28,0.2165265875064533,0.7076923076923077,0.8389261744966443,"[2, 2, 1, 1, 2, 2, 2, 3, 3, 3, 1, 1, 1, 4, 4, 4, 4, 4]","[2, 1, 2, 3, 1, 4]",0.4375,0.5707908163265306,0.2,0.3587301587301587,0.7006490497453707,0.7378951530745901,0.6460496832484569,0.4995961902621907,4,Fácil
9,737460.517897662,737460.5181870139,df_ID_41,Fase Execucao,0.1904761904761904,0.1494008548179209,0.7211538461538461,0.8475551294343241,"[2, 2, 2, 3, 3, 3, 1, 4, 4, 1, 1, 3, 3, 4, 4, 4, 4, 4]","[2, 3, 1, 4, 1, 3, 4]",0.375,0.5707908163265306,0.0,0.3587301587301587,0.7930405020709004,0.7378951530745901,0.7226801673569668,0.5668374325062174,6,Médio
15,737460.5190583334,737460.5193476852,df_ID_41,Fase Execucao,0.2738095238095238,0.1997932097464695,0.7038461538461539,0.7555129434324065,"[3, 2, 2, 2, 3, 3, 1, 1, 1, 4, 4, 4, 4, 1, 1, 4]","[3, 2, 3, 1, 4, 1, 4]",0.4375,0.5707908163265306,0.0,0.3587301587301587,0.8082839657549449,0.7378951530745901,0.7485946552516483,0.5462342101578003,6,Médio
4,737460.5226755324,737460.5229648843,df_ID_41,Fase Execucao,0.3333333333333333,0.2584052412911473,0.7,0.850431447746884,"[3, 2, 2, 2, 4, 3, 3, 3, 1, 1, 1, 4, 4, 4, 3, 3, 3, 1, 4, 4, 4]","[3, 2, 4, 3, 1, 4, 3, 1, 4]",0.5,0.5707908163265306,0.0,0.3587301587301587,0.7677932772912709,0.7378951530745901,0.7559310924304237,0.5860096690168927,6,Médio
11,737460.5236481365,737460.5239374884,df_ID_41,Fase Execucao,0.3148148148148147,0.2396666796415118,0.6865384615384615,0.8360498561840843,"[2, 3, 2, 2, 3, 1, 3, 1, 1, 4, 4, 4, 1, 1, 4, 4, 1, 4, 1, 4, 1, 1, 4, 4]","[2, 3, 2, 3, 1, 3, 1, 4, 1, 4, 1, 4, 1, 4, 1, 4]",0.8367346938775511,0.5707908163265306,0.0,0.3587301587301587,0.6470739603360095,0.7378951530745901,0.8279362180711868,0.6303030067272876,8,Difícil
1,737460.527693287,737460.5279826389,df_ID_41,Fase Execucao,0.5555555555555556,0.4290728380493481,0.6942307692307692,0.850431447746884,"[3, 3, 3, 2, 2, 2, 4, 4, 4, 1, 1, 1, 1, 2, 3, 3, 1, 4, 4, 4, 4, 2, 3, 3, 1, 2, 2, 4, 4, 1, 1, 4]","[3, 2, 4, 1, 2, 3, 1, 4, 2, 3, 1, 2, 4, 1, 4]",0.4375,0.5707908163265306,0.5,0.3587301587301587,0.5653887972698832,0.7378951530745901,0.5009629324232944,0.386909256910296,8,Difícil
3,737460.5292756713,737460.5295650231,df_ID_41,Fase Execucao,0.074074074074074,0.0578150224123378,0.7096153846153846,0.8513902205177373,"[2, 2, 2, 3, 3, 3, 4, 4, 4, 1, 1, 1, 3, 3, 3, 4, 4]","[2, 3, 4, 1, 3, 4]",0.3125,0.5707908163265306,0.3333333333333333,0.3587301587301587,0.8028472821086596,0.7378951530745901,0.5940046495917755,0.4636222937439487,8,Difícil
6,737463.3797658449,737463.3800551968,df_ID_44,Fase Execucao,0.0,0.0,0.7365384615384616,0.8581016299137104,"[1, 1, 1, 3, 3, 3, 2, 2, 2, 4, 4, 4, 2, 2, 3, 4, 4, 4]","[1, 3, 2, 4, 2, 3, 4]",0.6875,0.5416666666666666,0.6,0.419047619047619,0.7543422685124546,0.7191269932260077,0.6139474228374848,0.4895125872501961,4,Fácil
3,737463.3810905671,737463.381379919,df_ID_44,Fase Execucao,0.1666666666666666,0.0929310482582294,0.375,0.7401725790987536,"[1, 1, 2, 4, 4, 4, 2, 1, 1, 3, 3, 3, 2, 2, 2, 4, 4, 4, 1, 2, 4, 4]","[1, 2, 4, 2, 1, 3, 2, 4, 1, 2, 4]",0.5,0.5416666666666666,0.1428571428571428,0.419047619047619,0.5979560915436748,0.7191269932260077,0.6516996495621773,0.3633787895000036,4,Fácil
16,737463.3824968403,737463.3827862038,df_ID_44,Fase Execucao,0.4333333333333333,0.3309651645893257,0.7384615384615385,0.7890699904122723,"[3, 4, 2, 1, 3, 3, 3, 2, 4, 4, 1, 3, 3, 1, 1, 4, 4, 4, 2]","[3, 4, 2, 1, 3, 2, 4, 1, 3, 1, 4, 2]",0.3125,0.5416666666666666,1.0,0.419047619047619,0.7549535212694278,0.7191269932260077,0.3558178404231426,0.2717614848910703,4,Fácil
11,737463.3833914468,737463.3836807986,df_ID_44,Fase Execucao,0.5238095238095237,0.4277069526829833,0.7615384615384615,0.8715244487056567,"[1, 1, 1, 3, 3, 3, 2, 2, 2, 4, 4, 4, 1, 1, 1, 3, 3, 3, 2, 2]","[1, 3, 2, 4, 1, 3, 2]",0.625,0.5416666666666666,1.0,0.419047619047619,0.8089790574450092,0.7191269932260077,0.4779930191483363,0.3902963354633773,6,Médio
7,737463.3847576157,737463.3850469675,df_ID_44,Fase Execucao,0.3809523809523809,0.249248610130681,0.6076923076923076,0.700862895493768,"[1, 1, 3, 3, 1, 3, 2, 2, 2, 4, 4, 1, 1, 3, 3, 2, 2, 4, 4, 4]","[1, 3, 1, 3, 2, 4, 1, 3, 2, 4]",0.75,0.5416666666666666,0.6666666666666666,0.419047619047619,0.7349015725150821,0.7191269932260077,0.6060783019494719,0.3965434577770814,6,Médio
17,737463.3861644329,737463.3864537848,df_ID_44,Fase Execucao,0.4999999999999999,0.403696345600708,0.7403846153846154,0.8744007670182167,"[1, 1, 1, 3, 3, 3, 2, 2, 2, 4, 4, 1, 2, 4, 1, 3, 3, 3, 2, 4, 4, 4]","[1, 3, 2, 4, 1, 2, 4, 1, 3, 2, 4]",0.875,0.5416666666666666,0.0,0.419047619047619,0.7893926974582456,0.7191269932260077,0.8881308991527486,0.7170703968060711,6,Médio
14,737463.3872227893,737463.3875121413,df_ID_44,Fase Execucao,0.3333333333333333,0.269136428448509,0.7519230769230769,0.862895493767977,"[1, 3, 2, 1, 2, 1, 1, 1, 3, 3, 2, 2, 2, 4, 4, 4, 1, 1, 3, 3, 2, 2, 4, 4]","[1, 3, 2, 1, 2, 1, 3, 2, 4, 1, 3, 2, 4]",0.8125,0.5416666666666666,1.0,0.419047619047619,0.708834008900471,0.7191269932260077,0.507111336300157,0.409446401632725,8,Difícil
8,737463.3883303935,737463.3886197454,df_ID_44,Fase Execucao,0.3518518518518518,0.2847582786341176,0.7423076923076923,0.8763183125599233,"[1, 1, 1, 3, 3, 3, 2, 4, 4, 4, 2, 3, 3, 3, 2, 4, 4, 4, 4, 4, 4, 1, 3, 3, 2, 1, 1, 4, 4, 2, 2, 4]","[1, 3, 2, 4, 2, 3, 2, 4, 1, 3, 2, 1, 4, 2, 4]",0.875,0.5416666666666666,1.0,0.419047619047619,0.628138378965377,0.7191269932260077,0.5010461263217924,0.4055031448513186,8,Difícil
5,737463.3892985185,737463.3895878703,df_ID_44,Fase Execucao,0.4259259259259259,0.3160946637876168,0.698076923076923,0.7861936720997124,"[1, 3, 3, 1, 1, 3, 2, 2, 2, 4, 4, 4, 3, 3, 3, 4, 4]","[1, 3, 1, 3, 2, 4, 3, 4]",0.5625,0.5416666666666666,1.0,0.419047619047619,0.7782703244930884,0.7191269932260077,0.4469234414976961,0.3316776612550878,8,Difícil
15,737463.3920100116,737463.3922993634,df_ID_44,Fase Execucao,0.6666666666666666,0.531546697150724,0.7365384615384616,0.8581016299137104,"[2, 2, 2, 3, 3, 3, 1, 1, 1, 4, 4, 4, 1, 1, 3, 4, 4, 4]","[2, 3, 1, 4, 1, 3, 4]",0.5,0.5416666666666666,0.4,0.419047619047619,0.7510618880834945,0.7191269932260077,0.6170206293611649,0.4919629164161823,4,Fácil
1,737463.3957871643,737463.3960765162,df_ID_44,Fase Execucao,0.2,0.1115172579098753,0.375,0.7401725790987536,"[2, 2, 1, 4, 4, 4, 1, 2, 2, 3, 3, 3, 1, 1, 1, 4, 4, 4, 2, 1, 4, 4]","[2, 1, 4, 1, 2, 3, 1, 4, 2, 1, 4]",0.5625,0.5416666666666666,0.0,0.419047619047619,0.554659870523004,0.7191269932260077,0.7057199568410013,0.3934997721959202,4,Fácil
2,737463.3965301968,737463.396819537,df_ID_44,Fase Execucao,0.5333333333333334,0.4073417410330163,0.7384615384615385,0.7890699904122723,"[3, 4, 1, 2, 3, 3, 3, 1, 4, 4, 2, 3, 3, 2, 2, 4, 4, 4, 1]","[3, 4, 1, 2, 3, 1, 4, 2, 3, 2, 4, 1]",0.5625,0.5416666666666666,0.4,0.419047619047619,0.7740235306730041,0.7191269932260077,0.6455078435576681,0.4930167915848407,4,Fácil
4,737463.4004246527,737463.4007140046,df_ID_44,Fase Execucao,0.2857142857142857,0.2332947014634454,0.7615384615384615,0.8715244487056567,"[2, 2, 2, 3, 3, 3, 1, 1, 1, 4, 4, 4, 2, 2, 2, 3, 3, 3, 1, 1]","[2, 3, 1, 4, 2, 3, 1]",0.375,0.5416666666666666,0.0,0.419047619047619,0.7996622892598831,0.7191269932260077,0.7248874297532945,0.5918933878161469,6,Médio
18,737463.4015077199,737463.4017970718,df_ID_44,Fase Execucao,0.3095238095238095,0.2025144957311783,0.6076923076923076,0.700862895493768,"[2, 2, 3, 3, 2, 3, 1, 1, 1, 4, 4, 2, 2, 3, 3, 1, 1, 4, 4, 4]","[2, 3, 2, 3, 1, 4, 2, 3, 1, 4]",0.4375,0.5416666666666666,0.0,0.419047619047619,0.6990527153192245,0.7191269932260077,0.7121842384397414,0.4659661954187182,6,Médio
13,737463.4031959838,737463.4034853356,df_ID_44,Fase Execucao,0.2857142857142857,0.2306836260575474,0.7403846153846154,0.8744007670182167,"[2, 2, 2, 3, 3, 3, 1, 1, 1, 4, 4, 2, 1, 4, 2, 3, 3, 3, 1, 4, 4, 4]","[2, 3, 1, 4, 2, 1, 4, 2, 3, 1, 4]",0.25,0.5416666666666666,0.0,0.419047619047619,0.7384641363319072,0.7191269932260077,0.6628213787773024,0.5351571367968393,6,Médio
9,737463.404262419,737463.4045517709,df_ID_44,Fase Execucao,0.3518518518518518,0.2840884522512039,0.7519230769230769,0.862895493767977,"[2, 3, 1, 2, 1, 2, 2, 2, 3, 3, 1, 1, 1, 4, 4, 4, 2, 2, 3, 3, 1, 1, 4, 4]","[2, 3, 1, 2, 1, 2, 3, 1, 4, 2, 3, 1, 4]",0.375,0.5416666666666666,0.0,0.419047619047619,0.7005917529830237,0.7191269932260077,0.6918639176610079,0.5586173513150309,8,Difícil
10,737463.4062567361,737463.4065460879,df_ID_44,Fase Execucao,0.5555555555555556,0.4496183346854488,0.7423076923076923,0.8763183125599233,"[2, 2, 2, 3, 3, 3, 1, 4, 4, 4, 1, 3, 3, 3, 1, 4, 4, 4, 4, 4, 4, 2, 3, 3, 1, 2, 2, 4, 4, 1, 1, 4]","[2, 3, 1, 4, 1, 3, 1, 4, 2, 3, 1, 2, 4, 1, 4]",0.375,0.5416666666666666,0.0,0.419047619047619,0.6173084069142499,0.7191269932260077,0.6641028023047499,0.5374670328579626,8,Difícil
12,737463.4074211805,737463.4077105324,df_ID_44,Fase Execucao,0.1296296296296296,0.0962027237614485,0.698076923076923,0.7861936720997124,"[2, 3, 3, 2, 2, 3, 1, 1, 1, 4, 4, 4, 3, 3, 3, 4, 4]","[2, 3, 2, 3, 1, 4, 3, 4]",0.3125,0.5416666666666666,0.3333333333333333,0.419047619047619,0.7536933668775172,0.7191269932260077,0.5776200111813946,0.4286721988910717,8,Difícil
