,Acuracia,Especificidade,Similaridade
0,0.8125,0.6,0.8074061938731719
1,0.5625,0.5714285714285714,0.8968312104826046
2,0.75,0.8,0.7936757901325451
3,0.6875,0.0,0.8682431421244593
4,0.5,0.6666666666666667,0.8133194907106234
5,0.625,1.0,0.9259416862330891
6,0.6875,0.5,0.8681842899711196
7,0.75,0.0,0.8799989649251616
8,0.8125,0.0,0.7280109889280518
9,0.875,1.0,0.7809475220897141
10,0.6875,0.5714285714285714,0.8368873695100211
11,0.875,0.6,0.731310340973526
12,0.6666666666666666,0.8636363636363636,0.7228936649578003
13,0.25,1.0,0.4390570399587614
14,0.75,1.0,0.7513829479387685
15,0.75,0.0,0.8431214694362388
16,0.375,0.5,0.8890257147018888
17,0.6875,0.6666666666666667,0.742076792590696
18,0.6875,0.6,0.8161607813737631
19,0.75,0.5714285714285714,0.8508319756478696
20,0.625,0.1999999999999999,0.9008888496504218
21,0.5625,1.0,0.6582805886043833
22,0.875,0.3333333333333333,0.710957872678362
23,0.75,1.0,0.7889818763544607
24,0.3125,1.0,0.6922186552431729
25,0.8125,0.0,0.8192334073269844
26,0.5,0.3333333333333333,0.7137742529753551
27,0.8125,0.8,0.8045994279894549
28,0.625,0.4285714285714286,0.7610917498101478
29,0.5625,0.4,0.8559575436801258
30,0.6875,0.0,0.8682431421244593
31,0.3125,0.3333333333333333,0.6692445047241755
32,0.8125,1.0,0.8987081072262336
33,0.8125,0.5,0.8285522649991612
34,0.75,1.0,0.871848576319297
35,0.8125,0.3333333333333333,0.7194181676883064
36,0.6875,0.6,0.7931747686306172
37,0.5625,0.4285714285714286,0.8265581531669757
38,0.875,0.8,0.7140627569864099
39,0.6875,0.0,0.8527388003008082
40,0.25,1.0,0.7320024047834479
41,0.9375,1.0,0.850874720887558
42,0.6875,0.5,0.8042853971072706
43,0.625,0.0,0.8958280175293668
44,0.625,0.3333333333333333,0.7937253933193772
45,0.8125,1.0,0.6752813502243227
46,0.75,0.7142857142857143,0.8947368421052632
47,0.875,1.0,0.7839294959021853
48,0.8125,0.5,0.8724024145144709
49,0.9375,1.0,0.8984591897591402
50,0.625,1.0,0.7126524696463825
51,0.75,0.5,0.9043301987499852
52,0.5625,0.5,0.7619119011588126
53,0.5625,1.0,0.6111919138499425
54,0.5,0.1999999999999999,0.8375
55,0.6875,0.4285714285714286,0.8521955379361243
56,0.5,0.0,0.8401388774085707
57,0.6875,0.0,0.8475706863595912
58,0.4375,0.0,0.8181344894563599
59,0.5625,1.0,0.707549137677225
60,0.5625,0.5,0.7272483483536187
61,0.5625,0.0,0.8215269457798041
62,0.875,0.6666666666666667,0.8514124886366488
63,0.75,0.6,0.8321809452445668
64,0.625,0.2857142857142857,0.8947540418023477
65,0.6875,0.1999999999999999,0.7705935588815227
66,0.6875,1.0,0.8206567882510716
67,0.5625,0.0,0.8273792404018689
68,0.6875,1.0,0.7972004375664863
69,0.6875,0.0,0.8557668821131951
70,0.75,0.0,0.8615234405868826
71,0.75,0.6666666666666667,0.7826237921249264
72,0.5,0.4,0.7839294959021853
73,0.5625,0.4285714285714286,0.806110110439843
74,0.4375,0.8,0.7673107732756071
75,0.6875,0.0,0.8618916073713346
76,0.875,0.6666666666666667,0.8372489242911723
77,0.625,1.0,0.7344124877258417
78,0.8125,0.5,0.9040534990682684
79,0.625,0.5,0.8596023825918793
80,0.5625,0.3333333333333333,0.6943650748294137
81,0.8125,0.8,0.8401388774085707
82,0.375,0.4285714285714286,0.8094272134003795
83,1.0,1.0,1.0
84,0.7346938775510204,0.8571428571428572,0.8012336167697753
85,0.64,0.5833333333333333,0.7389617699928747
86,0.8125,1.0,0.8817714069196474
87,0.875,1.0,0.7744958299949138
88,0.6111111111111112,0.6818181818181819,0.8656303011571023
89,0.7222222222222222,0.6956521739130435,0.7240040180702163
90,0.9375,1.0,0.8195375470622296
91,0.4375,0.2857142857142857,0.801275141020233
92,0.8775510204081632,0.8421052631578947,0.7464829817921257
93,0.5,0.0,0.8461538461538461
94,0.5,0.6666666666666667,0.817802054780503
95,0.75,1.0,0.863398731268874
96,0.6875,0.0,0.8541911928586355
97,0.875,0.5,0.8324833246120438
98,0.625,0.0,0.7839663096097782
99,0.5,0.1999999999999999,0.8074061938731719
100,0.5,0.1428571428571429,0.6557412294705282
101,0.875,0.6,0.8401388774085707
102,0.6875,0.0,0.8627959628145762
103,0.625,0.0,0.8148823116916698
104,0.625,1.0,0.8136375599905376
105,0.625,0.0,0.8224338973607243
106,0.6326530612244898,0.7142857142857143,0.8802268140732306
107,0.75,0.6666666666666667,0.8490330634652238
108,0.875,0.6,0.8528028654224417
109,0.375,0.4285714285714286,0.7828813612588127
110,0.8888888888888888,0.92,0.7982214819500759
111,0.4375,0.0,0.8445920492704568
112,0.8125,0.3333333333333333,0.7085252515814197
113,0.8125,1.0,0.9259416862330891
114,0.6875,1.0,0.9270525223779672
115,0.5,0.5,0.8467779915851421
116,0.84,0.6666666666666667,0.7560864148142504
117,0.8125,0.8,0.847038658973673
118,0.75,0.7142857142857143,0.7787549872351
119,0.875,0.6,0.7502178332895193
120,0.6,0.6363636363636364,0.8498365855987974
121,0.5,0.3333333333333333,0.9110433579144298
122,0.75,1.0,0.8668273689494929
123,0.72,0.8181818181818181,0.8029410984014527
124,0.875,0.5,0.8253159635964455
125,0.625,0.0,0.8090909090909091
126,0.5,0.0,0.8044504477441833
127,0.8125,0.7142857142857143,0.8632940710855079
128,0.75,0.4,0.8401388774085707
129,0.625,0.0,0.901751403883351
130,0.625,0.6666666666666667,0.8149580519916495
131,0.625,1.0,0.6960909740235914
132,0.625,0.5,0.8404191500829137
133,0.6875,0.0,0.8945648693184409
134,0.75,0.6666666666666667,0.7543296082580457
135,0.5,0.0,0.7888426505157585
136,0.375,0.4285714285714286,0.7828813612588127
137,0.8611111111111112,0.88,0.835509977844025
138,0.6875,0.0,0.7819553946303239
139,0.875,0.3333333333333333,0.6985354731356996
140,0.625,1.0,0.8190195582221975
141,0.8125,1.0,0.7962487726019523
142,0.625,0.5,0.7648368253805043
143,0.7777777777777778,0.782608695652174,0.8137749871615185
144,0.875,1.0,0.8227241335952167
145,0.7777777777777778,0.7777777777777778,0.7874615506676529
146,0.8125,0.4,0.7130572937887615
147,0.625,0.0,0.8268982305947231
148,0.625,0.3333333333333333,0.7960550519605026
149,0.625,1.0,0.9259416862330891
150,0.5625,0.0,0.8598227289184035
151,0.875,0.5,0.8253159635964455
152,0.625,0.0,0.8090909090909091
153,0.875,1.0,0.8875
154,0.6875,0.5714285714285714,0.8816620300447741
155,0.875,0.6,0.8401388774085707
156,0.6875,0.0,0.8629109946080097
157,0.6875,0.3333333333333333,0.6878139313729228
158,0.625,1.0,0.7674493861911725
159,0.6875,0.5,0.8582786383559511
160,0.6875,0.5,0.8655962321421531
161,0.6875,0.3333333333333333,0.8002380598177972
162,0.25,0.6,0.8209591223666468
163,0.5,0.4285714285714286,0.85202864568461
164,0.5,0.4,0.8433661407528886
165,0.6875,0.0,0.8475706863595912
166,0.875,0.6666666666666667,0.8504074147632635
167,0.72,0.6666666666666667,0.978602761181736
168,0.6875,0.5,0.8635855783597217
169,0.75,0.0,0.851193151149763
170,0.8765432098765432,0.8970588235294118,0.7365692408561074
171,0.84,0.8571428571428572,0.855362829225267
172,0.8125,0.7142857142857143,0.801275141020233
173,0.75,0.7924528301886793,0.761632946873172
174,0.75,0.5,0.9000299890040402
175,0.875,1.0,0.8180001578404112
176,0.6875,1.0,0.8490087524143928
177,0.7755102040816326,0.8285714285714285,0.8268134335652642
178,0.6875,0.5,0.8353890708881835
179,0.7551020408163265,0.8333333333333334,0.8040761540665545
180,0.8775510204081632,0.8947368421052632,0.7854091098781056
181,0.6944444444444444,0.7407407407407407,0.716723634678411
182,0.56,0.5714285714285714,0.8367430244040812
183,0.5,0.0,0.9102564102564102
184,0.8611111111111112,0.9565217391304348,0.7575158114119378
185,0.72,0.8888888888888888,0.7684783583579609
186,0.625,0.5,0.8449288964361521
187,0.8,0.9090909090909092,0.8228705775884899
188,0.6388888888888888,0.7391304347826086,0.762102355330306
189,0.3125,0.8,0.8004515327301209
190,0.6875,0.5714285714285714,0.8652899256018457
191,0.625,0.6,0.95
192,0.625,0.0,0.8320502943378437
193,0.875,0.6666666666666667,0.7657198960540328
194,0.9375,1.0,0.8844364220965313
195,0.625,0.0,0.8926097838901892
196,0.5625,0.0,0.8565866707896064
197,0.7777777777777778,0.782608695652174,0.7606087305741639
198,0.6875,0.6,0.7888426505157585
199,0.75,0.8571428571428572,0.7987230638308717
200,0.75,0.8,0.703221549687725
201,0.68,0.8181818181818181,0.8334935743372821
202,0.9166666666666666,1.0,0.8918346124162341
203,0.76,0.8888888888888888,0.8388412769870093
204,0.72,0.8181818181818181,0.8029410984014527
205,0.8125,0.5,0.8221519981402327
206,0.6388888888888888,0.7391304347826086,0.859593566111973
207,0.8611111111111112,0.92,0.7071769271895163
208,0.625,0.7142857142857143,0.8816620300447741
209,0.52,0.5,0.8720983634634086
210,0.625,0.0,0.885883857957808
211,0.64,0.6666666666666667,0.8825378564286603
212,0.4375,1.0,0.6960909740235914
213,0.625,0.5,0.869907541313893
214,0.75,0.5,0.883125158161351
215,0.72,0.8333333333333334,0.7631984736045792
216,0.8571428571428571,0.868421052631579,0.7031786595686244
217,0.9375,0.8571428571428572,0.8717797887081347
218,0.7777777777777778,0.84,0.8583325077599887
219,0.8055555555555556,0.8636363636363636,0.780106680888219
220,0.75,0.7391304347826086,0.803562871177076
221,0.9375,1.0,0.8835716286288435
222,0.9166666666666666,0.9545454545454546,0.8211933496215007
223,0.84,0.9090909090909092,0.8103069302271354
224,0.8775510204081632,0.8611111111111112,0.8489179964554188
225,0.84,0.8571428571428572,0.9750356118852502
226,0.7777777777777778,0.7777777777777778,0.8093354826306433
227,0.8163265306122449,0.8421052631578947,0.6992342750670704
228,0.9375,1.0,0.8816620300447741
229,0.88,0.9166666666666666,0.8443147931189635
230,0.8163265306122449,0.9090909090909092,0.902110483148544
231,0.75,1.0,0.8213232037429525
232,0.92,0.9090909090909092,0.9043820188701543
233,0.6388888888888888,0.7391304347826086,0.859593566111973
234,0.6875,0.6,0.6763760550915701
235,0.625,0.7142857142857143,0.8816620300447741
236,0.6111111111111112,0.6799999999999999,0.8004165582161995
237,0.6944444444444444,0.8181818181818181,0.7925153987190854
238,0.75,0.7391304347826086,0.8064902501659267
239,0.5625,1.0,0.7764782024993039
240,0.5,0.0,0.8341563788014362
241,0.6875,0.5,0.8655962321421531
242,0.52,0.5833333333333333,0.7905694150420949
243,0.8125,0.8,0.8401388774085707
244,0.6875,0.5714285714285714,0.8610567718228918
245,0.75,0.4,0.8401388774085707
246,0.875,0.0,0.9367659069225724
247,0.6875,0.6666666666666667,0.816926420066404
248,0.6875,1.0,0.855283359552053
249,0.75,0.5,0.8225185296600818
250,0.75,0.0,0.851193151149763
251,0.84,0.8850574712643678,0.7861202672790377
252,0.375,0.0,0.8375
253,0.75,0.5714285714285714,0.8921320713901825
254,0.8775510204081632,0.868421052631579,0.7173992292547702
255,0.8,0.7272727272727273,0.8729035458601565
256,0.6875,0.6666666666666667,0.8227195572487128
257,0.5625,1.0,0.8070622576887474
258,0.8125,0.5,0.9044600639311704
259,0.75,0.0,0.8324833246120438
260,0.7959183673469388,0.8611111111111112,0.774658733795827
261,0.8333333333333334,0.84,0.8018632638284106
262,0.56,0.5,0.7575315107724846
263,0.8125,0.8,0.8401388774085707
264,0.8367346938775511,0.9142857142857144,0.8276169601789948
265,0.7777777777777778,0.8260869565217391,0.7917688016355612
266,0.75,0.9,0.8507019059648767
267,0.625,0.5,0.8449288964361521
268,0.72,0.7272727272727273,0.933152372974791
269,0.75,0.8695652173913043,0.7586256128768792
270,0.8055555555555556,0.84,0.7762349196000551
271,0.6875,0.5714285714285714,0.8488382153210785
272,0.75,0.4,0.8401388774085707
273,0.5,0.0,0.8889155978893273
274,0.6875,0.6666666666666667,0.7974439174854218
275,0.8125,1.0,0.8851517589950084
276,0.8125,1.0,0.8617507004860413
277,0.6875,0.5,0.839392962531925
278,0.8,0.6666666666666667,0.8108848540793832
279,0.625,0.4,0.781785310430516
280,0.6875,0.5714285714285714,0.8167949535234437
281,0.8125,0.8,0.6959852188348552
282,0.875,0.0,0.884053437733959
283,0.8611111111111112,0.9565217391304348,0.9192756774136568
284,0.5625,1.0,0.8448014090919725
285,0.75,0.5,0.8604954438756023
286,0.625,0.0,0.7881603609443287
287,0.7755102040816326,0.8611111111111112,0.828236445561349
288,0.8055555555555556,0.84,0.712474464815195
289,0.625,0.7142857142857143,0.8816620300447741
290,0.52,0.5714285714285714,0.8249579113843054
291,0.875,0.0,0.8277650282805242
292,0.64,0.6666666666666667,0.8825378564286603
293,0.6875,1.0,0.7889818763544607
294,0.6875,0.5,0.8279079284330849
295,0.6875,0.5,0.8658089785895597
296,0.7346938775510204,0.8333333333333334,0.7030201192964489
297,0.7551020408163265,0.8157894736842105,0.7961132433870801
298,0.6875,0.5714285714285714,0.8488382153210785
299,0.84375,0.8867924528301887,0.8406055240472927
300,0.8125,0.5,0.8439957151095542
301,0.84,0.8333333333333334,0.751903704662534
302,0.875,1.0,0.7824582414744365
303,0.88,0.9090909090909092,0.8192794869521737
304,0.84,0.9090909090909092,0.8103069302271354
305,0.8163265306122449,0.8611111111111112,0.7803185623984152
306,0.75,0.4,0.7641607199008701
307,0.72,0.75,0.8360460766979309
308,0.8775510204081632,0.8947368421052632,0.6708869395913784
309,0.875,0.0,0.9367659069225724
310,0.6666666666666666,0.7391304347826086,0.7913169925382065
311,0.6875,1.0,0.9259416862330891
312,0.875,0.5,0.8260869565217391
313,0.6875,0.0,0.8215003668073294
314,0.76,0.8333333333333334,0.8237306052901903
315,0.375,0.0,0.729080682761043
316,0.6875,0.5714285714285714,0.8167949535234437
317,0.7777777777777778,0.8,0.9035079029052512
318,0.875,0.0,0.8326663997864532
319,0.8055555555555556,0.8260869565217391,0.7792489433182765
320,0.625,1.0,0.7172291775779154
321,0.8125,0.5,0.8125037776436337
322,0.625,0.5,0.8290217434600903
323,0.75,0.8695652173913043,0.8182235610872907
324,0.375,0.4,0.8837824554557692
325,0.8125,0.7142857142857143,0.8849750154846387
326,0.5,0.0,0.8401388774085707
327,0.875,1.0,0.9324058233304956
328,0.6875,0.6666666666666667,0.7985685229862601
329,0.8333333333333334,0.9,0.9285951175245446
330,0.8888888888888888,0.9545454545454546,0.7933767329057524
331,0.875,0.5,0.8412955563689518
332,0.78125,0.8431372549019608,0.7557794199669435
333,0.875,1.0,0.8875
334,0.75,0.5714285714285714,0.8921320713901825
335,0.8765432098765432,0.8857142857142857,0.756978119245116
336,0.72,0.7272727272727273,0.8805874420954336
337,0.6875,0.3333333333333333,0.8582786383559511
338,0.5625,1.0,0.8130338052781897
339,0.75,0.5,0.9011289459621018
340,0.6875,0.0,0.7785513736288122
341,0.8395061728395061,0.8970588235294118,0.7716630855015505
342,0.8125,0.8679245283018868,0.7863729095926286
343,0.7777777777777778,0.7777777777777778,0.728422786026054
344,0.8163265306122449,0.868421052631579,0.8099531445617965
345,0.7755102040816326,0.8571428571428572,0.9248043889897672
346,0.75,0.3333333333333333,0.7953864780766137
347,0.625,1.0,0.8514618813309706
348,0.6875,0.5,0.8255045732832186
349,0.75,0.0,0.8318953109791632
350,0.8333333333333334,0.9130434782608696,0.8182235610872907
351,0.8055555555555556,0.84,0.7963968655636929
352,0.9375,0.8571428571428572,0.8717797887081347
353,0.875,0.6,0.8401388774085707
354,0.8611111111111112,0.9090909090909092,0.9468641529479986
355,0.6875,0.6666666666666667,0.7974439174854218
356,0.75,1.0,0.8646661334676642
357,0.8125,0.5,0.8757605390397141
358,0.75,0.5,0.8634657835526911
359,0.796875,0.8235294117647058,0.7618856860827077
360,0.8,0.7857142857142857,0.7930394470805664
361,0.625,0.4285714285714286,0.8658966363457989
362,0.625,0.1999999999999999,0.7773341405168513
363,0.76,0.8181818181818181,0.857688611828631
364,0.8125,0.6666666666666667,0.8795180722891566
365,0.6875,1.0,0.8859916627898744
366,0.6875,0.0,0.8562792121486734
367,0.8125,0.5,0.8573372867375418
368,0.8163265306122449,0.8888888888888888,0.8061501403463797
369,0.78125,0.8490566037735849,0.7577900036653772
370,0.625,0.7142857142857143,0.8816620300447741
371,0.8333333333333334,0.88,0.8131571126147261
372,0.875,0.0,0.8277650282805242
373,0.8125,0.6666666666666667,0.8528997913607468
374,0.5625,1.0,0.8300746824145888
375,0.625,0.0,0.8120168273192303
376,0.75,0.5,0.883125158161351
377,0.84,0.9166666666666666,0.8373983252050243
378,0.8641975308641975,0.9,0.8009894870819726
379,0.6875,0.5714285714285714,0.7800134951599099
380,0.75,0.4,0.8401388774085707
381,0.875,0.0,0.8277650282805242
382,0.625,0.3333333333333333,0.7445023854052876
383,0.6666666666666666,0.7,0.8205854173245266
384,0.9166666666666666,1.0,0.8343058507453917
385,0.88,0.9090909090909092,0.7853186591606458
386,0.8641975308641975,0.8970588235294118,0.7836013066298052
387,0.68,0.6428571428571428,0.7579680097972268
388,0.5,0.2857142857142857,0.8621737952702888
389,0.7222222222222222,0.72,0.7902633289178096
390,0.9375,0.5,0.901140347257844
391,0.6875,0.3333333333333333,0.8311764712721932
392,0.8125,1.0,0.9259416862330891
393,0.88,1.0,0.8392543274162825
394,0.75,0.5,0.8628708445067482
395,0.76,0.8333333333333334,0.8237306052901903
396,0.6875,0.8,0.834489938099989
397,0.6875,0.5714285714285714,0.8167949535234437
398,0.84375,0.8867924528301887,0.8406055240472927
399,0.6111111111111112,0.5909090909090908,0.8423195726346616
400,0.8125,0.6666666666666667,0.802022209896544
401,0.6111111111111112,0.75,0.7167016130760362
402,0.5625,0.0,0.8853603087185355
403,0.6875,0.5,0.8655962321421531
404,0.8055555555555556,0.9130434782608696,0.7879189847507243
405,0.4375,0.1999999999999999,0.8678352812105575
406,0.6875,0.5714285714285714,0.8610567718228918
407,0.7551020408163265,0.8157894736842105,0.8075728530872482
408,0.7551020408163265,0.8571428571428572,0.8269145852239429
409,0.8125,1.0,0.7985685229862601
410,0.8125,0.9166666666666666,0.8355467059789898
411,0.8163265306122449,0.9142857142857144,0.781166566864507
412,0.75,0.5,0.8416668462125566
413,0.8024691358024691,0.8529411764705882,0.774796797566549
414,0.375,0.4,0.8125
415,0.75,0.5714285714285714,0.8921320713901825
416,0.8760330578512396,0.9090909090909092,0.769800358919501
417,0.6938775510204082,0.7714285714285715,0.7844645405527361
418,0.6111111111111112,0.6956521739130435,0.8441040130225311
419,0.4375,1.0,0.8562037418416334
420,0.75,0.5,0.9011289459621018
421,0.4375,0.0,0.7162672637385072
422,0.7551020408163265,0.8333333333333334,0.8684111532186138
423,0.8125,0.8679245283018868,0.7999310632062947
424,0.375,0.2857142857142857,0.7122445697957627
425,0.8765432098765432,0.9142857142857144,0.8977310580745099
426,0.8163265306122449,0.8857142857142857,0.8702032585557696
427,0.75,0.3333333333333333,0.7953864780766137
428,0.48,0.5555555555555556,0.7610173939281722
429,0.625,0.5,0.8449288964361521
430,0.52,0.6363636363636364,0.8515471954006396
431,0.5625,0.0,0.7694875639743057
432,0.9166666666666666,0.88,0.7601258199376748
433,0.6875,0.5714285714285714,0.8488382153210785
434,0.6938775510204082,0.7894736842105263,0.873326063219467
435,0.7346938775510204,0.8285714285714285,0.8235321051453478
436,0.6875,0.6666666666666667,0.7974439174854218
437,0.7551020408163265,0.8787878787878788,0.8952554570608475
438,0.64,0.7272727272727273,0.9156060036663072
439,0.625,0.0,0.809707437474345
440,0.7755102040816326,0.8611111111111112,0.8163679886628247
441,0.52,0.6428571428571428,0.8207036138391908
442,0.5625,0.4285714285714286,0.8447772061910234
443,0.68,0.8571428571428572,0.8244873630109232
444,0.6388888888888888,0.7272727272727273,0.7287040657115997
445,0.76,0.8333333333333334,0.8507362408308435
446,0.48,0.5555555555555556,0.9078232349993738
447,0.625,0.5,0.8174430558288446
448,0.5625,0.0,0.781129527916427
449,0.7551020408163265,0.8333333333333334,0.8460287854927591
450,0.5,0.8,0.7185821415242986
451,0.7222222222222222,0.8148148148148149,0.8197618979789134
452,0.875,0.9245283018867924,0.8907337387831413
453,0.6,0.6363636363636364,0.8059779150822928
454,0.8125,0.6666666666666667,0.8528997913607468
455,0.6,0.8888888888888888,0.7141434007790348
456,0.75,0.5,0.8362561355974163
457,0.625,1.0,0.7541603210059575
458,0.796875,0.8823529411764706,0.7330166661378315
459,0.72,0.6428571428571428,0.7715033320111766
460,0.6875,0.5714285714285714,0.8488382153210785
461,0.6111111111111112,0.6799999999999999,0.8520563361656317
462,0.64,0.6363636363636364,0.7462568500729019
463,0.75,0.6666666666666667,0.8052561704203203
464,0.7407407407407407,0.8153846153846154,0.7667502429412018
465,0.8367346938775511,0.9428571428571428,0.82163362512238
466,0.76,0.9090909090909092,0.8103069302271354
467,0.8677685950413223,0.9166666666666666,0.8781967366124297
468,0.52,0.7142857142857143,0.7579680097972268
469,0.68,0.6875,0.8378823208695425
470,0.6388888888888888,0.76,0.8303062067373488
471,0.673469387755102,0.7428571428571429,0.7793252697074518
472,0.8125,0.6666666666666667,0.8407302238155517
473,0.48,0.5555555555555556,0.8889402801466364
474,0.8333333333333334,0.9545454545454546,0.8344408667498865
475,0.4375,0.0,0.7878385971583353
476,0.76,0.8333333333333334,0.8237306052901903
477,0.875,1.0,0.834489938099989
478,0.375,0.5714285714285714,0.7523841248624463
479,0.84375,0.8867924528301887,0.8406055240472927
480,0.64,0.7272727272727273,0.8876253645985945
481,0.8125,0.6666666666666667,0.802022209896544
482,0.6111111111111112,0.75,0.6862036720940773
483,0.6875,0.5,0.8145314840210527
484,0.1875,1.0,0.8510218396797279
485,0.8125,0.9019607843137256,0.7757307791742195
729,0.8611111111111112,0.88,0.756687868683148
730,0.4375,0.1428571428571429,0.7720605272874866
731,0.8367346938775511,0.868421052631579,0.797681127219951
732,0.625,0.5,0.8914824582191182
733,0.5625,0.0,0.902427138521816
734,0.6875,1.0,0.805418998778512
735,0.6875,0.0,0.8446530265013354
736,0.6875,0.5,0.8607916009117553
737,0.5,0.6666666666666667,0.6390096504226938
738,0.6875,0.6,0.8308504678941933
739,0.75,0.5714285714285714,0.832377037053889
740,0.7777777777777778,0.88,0.8113070800148313
741,0.8125,1.0,0.7674257668936506
742,0.6875,0.3333333333333333,0.789616347287475
743,0.6875,1.0,0.8382932436266145
744,0.625,0.5,0.7387486130633681
745,0.625,0.5,0.773615163247558
746,0.8333333333333334,0.9130434782608696,0.8309921450925271
747,0.64,0.7857142857142857,0.7667484762335375
748,0.6666666666666666,0.7407407407407407,0.7459776605836523
749,0.5625,0.8,0.7166666666666667
750,0.875,1.0,0.916248050208288
751,0.75,0.6666666666666667,0.8121361275222275
752,0.8125,1.0,0.8719980936184966
753,0.75,0.5,0.8406449734859016
754,0.5625,0.0,0.8661498237841876
755,0.75,0.8695652173913043,0.7765802747153208
756,0.76,0.7857142857142857,0.7930207989565216
757,0.84,0.75,0.7694837640638655
758,0.8333333333333334,0.88,0.7679817174694635
759,0.625,0.5,0.7612352233301865
760,0.5,0.3333333333333333,0.7930420308222019
761,0.9375,1.0,0.7984631382409718
762,0.625,0.0,0.8530570320390477
763,0.75,0.0,0.8258918255501917
764,0.8163265306122449,0.8888888888888888,0.8087457990257881
765,0.6875,0.8,0.7669649888473704
766,0.6875,0.4285714285714286,0.8521955379361243
767,0.7755102040816326,0.868421052631579,0.8440971508067066
768,0.75,0.5,0.8682431421244593
769,0.625,0.0,0.7566185994289497
770,0.625,1.0,0.7249969430114078
771,0.5625,0.0,0.8462049408579267
772,0.75,0.5,0.8557169633109855
773,0.7551020408163265,0.8611111111111112,0.7353160240144463
774,0.625,0.8,0.7747720562400497
775,0.68,0.625,0.8151933134075309
776,0.5,0.4,0.8320502943378437
777,1.0,1.0,0.9723448696087954
778,0.625,0.6666666666666667,0.6909217801308503
779,0.75,1.0,0.7723042798723958
780,0.75,1.0,0.7721873425053443
781,0.7222222222222222,0.8181818181818181,0.8882557953449419
782,0.7551020408163265,0.8333333333333334,0.7825080450574998
783,0.6944444444444444,0.76,0.7745966692414834
784,0.6875,0.5714285714285714,0.8510644963469901
785,0.75,0.8,0.742352312936209
786,0.68,0.7272727272727273,0.7801080992678706
787,0.5625,0.0,0.8293893427471718
788,0.75,1.0,0.8737885707746205
789,0.875,0.5,0.8417791471075866
790,0.75,0.0,0.7282956597405345
791,0.8367346938775511,0.8888888888888888,0.9057952949088828
792,0.625,0.6,0.7559289460184545
793,0.8125,0.7142857142857143,0.8510644963469901
794,0.7142857142857143,0.7894736842105263,0.808290376865476
795,0.72,0.8181818181818181,0.7767356373806173
796,0.625,0.0,0.8448198351466543
797,0.625,1.0,0.8073285818138001
798,0.625,0.0,0.8350049111119214
799,0.625,0.0,0.8442957118463564
800,0.7959183673469388,0.8888888888888888,0.762000762001143
801,0.7777777777777778,0.88,0.8898206684033634
802,0.3125,0.1428571428571429,0.8260331876309022
803,0.625,0.8,0.7912565680749444
804,0.8125,1.0,0.8475706863595912
805,0.9375,1.0,0.9518072289156626
806,0.76,0.8888888888888888,0.7831762572995925
807,0.5625,0.0,0.8533820185387183
808,0.8125,0.0,0.7587449244554323
809,0.7959183673469388,0.8611111111111112,0.781126577552403
810,0.75,0.8,0.8240253983603036
811,0.8367346938775511,0.85,0.7122445697957627
812,0.8518518518518519,0.9,0.7951332228659945
813,0.8125,0.5,0.8825226081218281
814,0.8125,0.6666666666666667,0.8555277382080452
815,0.625,1.0,0.9065686678323176
816,0.6875,0.0,0.8534743109759685
817,0.625,0.5,0.8254166036140119
818,0.8125,1.0,0.8049844718999243
819,0.75,0.6,0.8875
820,0.8125,0.7142857142857143,0.8029550685469662
821,0.9375,0.8,0.8401388774085707
822,0.25,1.0,0.8438530156892917
823,0.68,0.5833333333333333,0.8118167540639774
824,0.5625,1.0,0.819631530627009
825,0.75,1.0,0.7803095914255858
826,0.6875,0.5,0.8655962321421531
827,0.8333333333333334,0.9130434782608696,0.8309921450925271
828,0.625,0.8,0.7747720562400497
829,0.8775510204081632,0.9,0.8079756941618661
830,0.75,1.0,0.6940220937885672
831,0.64,0.7272727272727273,0.9046950831485676
832,0.8125,1.0,0.8091928604387327
833,0.8125,1.0,0.848641001825144
834,0.625,0.0,0.8109307588519342
835,0.6875,0.5,0.8637073444776134
836,0.5,0.3333333333333333,0.6645977285885579
837,0.6875,0.6,0.8074061938731719
838,0.8125,0.5714285714285714,0.6045825828298823
839,0.8333333333333334,0.88,0.8244509614010418
840,0.75,0.0,0.8419248843001392
841,0.6875,0.6666666666666667,0.8503445724851287
842,0.75,1.0,0.7659084464333031
843,0.625,0.5,0.8094487507439181
844,0.6875,0.5,0.8019566782714445
845,0.8125,0.6666666666666667,0.7592566023652966
846,0.75,0.6,0.8875
847,0.8125,0.7142857142857143,0.8029550685469662
848,1.0,1.0,1.0
849,0.8,0.8953488372093024,0.7483470518571647
850,0.68,0.6666666666666667,0.778349998578115
851,0.5625,1.0,0.819631530627009
852,0.75,1.0,0.8008148024519071
853,0.625,0.0,0.8106792283998809
854,0.8333333333333334,0.9130434782608696,0.7724715714944618
855,0.8125,0.8,0.8970852271450606
856,0.8,0.75,0.8151933134075309
857,0.5625,0.4,0.7765802747153208
858,0.875,0.0,0.928655226929768
859,0.8125,1.0,0.8468496511259617
860,0.5625,1.0,0.7545501584960188
861,0.75,0.0,0.8043478260869565
862,0.75,0.5,0.846968902521858
863,0.7959183673469388,0.8611111111111112,0.8427009716003845
864,0.8333333333333334,0.84,0.8018632638284106
865,0.5625,0.1428571428571429,0.7779866052154991
866,0.8333333333333334,0.88,0.8244509614010418
867,1.0,1.0,0.8558004242796232
868,0.6875,0.6666666666666667,0.8503445724851287
869,0.625,1.0,0.8514608763306709
870,0.625,0.5,0.8759053287470834
871,0.75,0.5,0.790934242078241
872,0.625,0.0,0.7612020568998559
873,0.75,0.6,0.8875
874,0.9375,0.8571428571428572,0.951189731211342
875,0.8125,0.8,0.8401388774085707
876,0.9375,0.5,0.9367659069225724
877,0.8125,1.0,0.8812844060648344
878,0.5625,1.0,0.819631530627009
879,0.8125,1.0,0.8314800973905477
880,0.6875,0.0,0.8630339426736915
881,0.8125,0.6666666666666667,0.7592566023652966
882,0.84,0.8571428571428572,0.8767140075192094
883,0.8125,0.7142857142857143,0.8510644963469901
884,0.6875,0.8,0.8743828992755144
885,0.875,0.0,0.9367659069225724
886,0.8125,1.0,0.9052401100310647
887,0.7142857142857143,0.8484848484848485,0.7764807322840056
888,0.875,0.5,0.8481952335504856
889,0.875,1.0,0.798368487215841
890,0.8125,0.8823529411764706,0.7882407813680822
891,0.9375,1.0,0.7923321138079843
892,0.8055555555555556,0.7777777777777778,0.8025383458814722
893,0.8367346938775511,0.868421052631579,0.7854091098781056
894,0.875,1.0,0.8665897736089426
895,0.8125,0.6666666666666667,0.8555277382080452
896,0.75,1.0,0.8810099639215181
897,0.8125,0.5,0.8785764965929087
898,0.75,0.5,0.8310858166694651
899,0.6875,0.3333333333333333,0.7949984100047699
900,0.875,0.6,0.7639872188644489
901,0.6875,0.5714285714285714,0.8488382153210785
902,0.8333333333333334,0.84,0.8583325077599887
903,0.6875,0.0,0.8606888267023434
904,0.8125,0.6666666666666667,0.8403691032851185
905,0.8125,1.0,0.7855577408569383
906,0.75,0.5,0.8143879346968547
907,0.75,0.5,0.8310858166694651
908,0.625,0.3333333333333333,0.798812409657477
909,0.8125,1.0,0.8077410799098391
910,0.8055555555555556,0.8148148148148149,0.8112630727941166
911,0.5625,0.4,0.835509977844025
912,0.68,0.9090909090909092,0.8193464903987027
913,0.5625,0.3333333333333333,0.841560574856282
914,0.75,0.85,0.8511379722701269
915,0.75,0.5,0.8404696207817698
916,0.6875,0.5,0.8637073444776134
917,0.64,0.75,0.75
918,0.8888888888888888,0.92,0.8244509614010418
919,0.8611111111111112,0.8518518518518519,0.6713343662993523
920,0.84,0.7857142857142857,0.8370775100096616
921,0.9375,1.0,0.7953036546224644
922,0.8125,0.6666666666666667,0.8768105301663434
923,0.96,0.8888888888888888,0.8515674113789572
924,0.6875,0.5,0.8544181257852469
925,0.875,0.0,0.8041578301409761
926,0.75,0.3333333333333333,0.8568753083836919
927,0.9375,1.0,0.8875
928,0.625,0.5714285714285714,0.781166566864507
929,0.84,0.8571428571428572,0.9209109202723808
930,0.875,0.0,0.884053437733959
931,0.8125,0.3333333333333333,0.7430584203084154
932,0.8125,1.0,0.800044325013193
933,0.875,1.0,0.8915931536971684
934,0.8125,0.5,0.83624777717348
935,0.8367346938775511,0.9166666666666666,0.7938286555839551
936,1.0,1.0,1.0
937,0.68,0.625,0.8151933134075309
938,0.68,0.6428571428571428,0.9428090415820634
939,0.625,0.0,0.87167173692536
940,0.6875,0.6666666666666667,0.8129756650809232
941,0.8125,1.0,0.800044325013193
942,0.75,0.5,0.8404696207817698
943,0.6875,0.0,0.8104408984731077
944,0.7777777777777778,0.8260869565217391,0.848528137423857
945,0.90625,0.9245283018867924,0.820412654142367
946,0.84,0.8125,0.7970811413304556
947,0.9444444444444444,0.92,0.9035079029052512
948,1.0,1.0,0.8558004242796232
949,0.625,0.3333333333333333,0.778014977471544
950,0.75,1.0,0.8402783883318415
951,0.8,0.8181818181818181,0.8316847989130756
952,0.8125,0.0,0.782983818783922
953,0.75,0.6666666666666667,0.8634629012402222
954,0.76,0.7857142857142857,0.9429903335828896
955,0.8125,0.7142857142857143,0.8510644963469901
956,0.8055555555555556,0.84,0.835509977844025
957,0.76,0.7272727272727273,0.8084245764806932
958,0.8125,0.6666666666666667,0.9156330260447352
959,0.8125,1.0,0.800044325013193
960,0.8125,0.5,0.8277812410582097
961,0.8125,0.5,0.83624777717348
962,0.8367346938775511,0.8888888888888888,0.7683498199278324
963,0.875,0.8,0.8685990362153791
964,0.6875,0.5714285714285714,0.8510644963469901
965,0.5,0.4,0.7839294959021853
966,0.9375,0.5,0.9367659069225724
967,0.75,0.6666666666666667,0.9072699205202812
968,0.8,0.8888888888888888,0.8034091928287773
969,0.8163265306122449,0.8857142857142857,0.8803941926854268
970,0.8125,0.5,0.8071417672951359
971,0.75,0.0,0.8009085749662975
972,0.9375,0.8,0.843058517275878
973,0.6,0.5625,0.7726438749546088
974,0.875,0.6,0.8401388774085707
975,0.875,1.0,0.945092878742904
976,0.4375,0.3333333333333333,0.8595162341335421
977,1.0,1.0,1.0
978,0.68,0.7272727272727273,0.8561706738324666
979,0.6875,0.5,0.7977906370990442
980,0.8611111111111112,0.8695652173913043,0.7822165589515727
981,0.625,0.1999999999999999,0.8144258552404943
982,0.6875,0.5714285714285714,0.8488382153210785
983,0.6666666666666666,0.72,0.8583325077599887
984,0.3125,1.0,0.7317117587562044
985,0.8125,0.6666666666666667,0.8403691032851185
986,0.72,0.7777777777777778,0.8208726945742082
987,0.875,1.0,0.8192794869521737
988,0.75,0.5,0.8310858166694651
989,0.625,0.6666666666666667,0.7756717518813397
990,0.375,0.0,0.775
991,0.8055555555555556,0.8148148148148149,0.8112630727941166
992,0.4375,0.1999999999999999,0.7722137674012959
993,0.76,0.9090909090909092,0.8534859274986486
994,0.8125,0.3333333333333333,0.8149580519916495
995,0.8055555555555556,0.85,0.8029603511982328
996,0.625,0.5,0.8750094682111575
997,0.625,0.5,0.8353890708881835
998,0.625,0.0,0.7612020568998559
999,0.8163265306122449,0.8947368421052632,0.809776330178916
1000,0.8611111111111112,0.8518518518518519,0.6713343662993523
1001,0.875,0.6,0.8401388774085707
1002,0.6875,0.0,0.7725393039369071
1003,0.8125,0.6666666666666667,0.8909030059424665
1004,0.7777777777777778,0.8,0.8163616919309311
1005,0.6875,0.0,0.750027870162214
1006,0.75,0.5,0.8034481504428455
1007,0.6875,0.3333333333333333,0.8573669721886888
1008,0.6875,0.4,0.8461980479554632
1009,0.8125,0.7142857142857143,0.8029550685469662
1010,0.9375,0.8,0.8401388774085707
1011,0.875,0.0,0.884053437733959
1012,0.8125,0.6666666666666667,0.8248159098493204
1013,0.75,1.0,0.8191523901557465
1014,0.75,0.5,0.7577754301140095
1015,0.8125,0.5,0.8541985556144386
1016,0.5625,0.3333333333333333,0.7183153983413225
1017,0.875,1.0,0.8875
1018,0.68,0.625,0.8151933134075309
1019,0.6111111111111112,0.6799999999999999,0.7616867247541254
1020,0.6875,0.0,0.8849953577374196
1021,0.875,0.6666666666666667,0.8835852486128687
1022,0.6944444444444444,0.8,0.7597456497402568
1023,0.5625,0.5,0.8714143060628625
1024,0.875,1.0,0.8712034792451622
1025,0.6875,0.0,0.7758392910291326
1026,0.890625,0.9245283018867924,0.8438530156892917
1027,0.75,0.5714285714285714,0.7680003654969891
1028,0.875,0.6,0.8401388774085707
1029,0.875,1.0,0.7415497622520352
1030,0.8125,0.6666666666666667,0.8909030059424665
1031,0.72,0.6666666666666667,0.8075343841087772
1032,0.8125,0.0,0.8973031700969425
1033,0.75,0.5,0.7860400632011593
1034,0.8125,0.0,0.8003675626198988
1035,0.75,0.4,0.7710107309044482
1036,0.75,0.7142857142857143,0.8052627168725033
1037,0.875,0.6,0.8401388774085707
1038,0.8125,0.5,0.7866781555746067
1039,0.75,0.6666666666666667,0.8604202427326287
1040,0.8125,1.0,0.8168873634345234
1041,0.75,0.5,0.7524200596152733
1042,0.6875,0.0,0.8040844011283461
1043,0.8163265306122449,0.8888888888888888,0.8000946913656627
1044,0.875,0.8,0.8685990362153791
1045,0.6875,0.5714285714285714,0.8510644963469901
1046,0.3125,0.0,0.8228507357554792
1047,0.875,0.0,0.8729035458601565
1048,0.875,0.3333333333333333,0.8396376564614171
1049,0.7755102040816326,0.8787878787878788,0.7628172477005296
1050,0.72,0.7272727272727273,0.8446530265013354
1051,0.75,0.5,0.8159150473744309
1052,0.6875,0.0,0.7627700713964738
1053,0.84,0.8571428571428572,0.8161648117874232
1054,0.5,0.1428571428571429,0.8042946923566697
1055,0.9166666666666666,0.92,0.8244509614010418
1056,0.6530612244897959,0.7428571428571429,0.8740284488750757
1057,0.8125,0.3333333333333333,0.7534031188084134
1058,0.625,1.0,0.8737435238121212
1059,0.875,0.5,0.9513652501417031
1060,0.75,0.5,0.8310858166694651
1061,0.75,0.8260869565217391,0.8614283623897067
1062,0.4375,0.0,0.8373674286275504
1063,0.5,0.2857142857142857,0.6936475308782408
1064,0.9444444444444444,0.92,0.9035079029052512
1065,0.875,0.0,0.9367659069225724
1066,0.5,0.0,0.828532918731807
1067,0.8125,1.0,0.8575745218394285
1068,0.8,0.9090909090909092,0.8648292355287597
1069,0.6875,0.5,0.8167066662472783
1070,0.6875,0.0,0.8515620322306778
1071,0.5625,0.4,0.7419408268023742
1072,0.8,0.75,0.8151933134075309
1073,0.68,0.7857142857142857,0.7183811165192391
1074,0.76,0.6363636363636364,0.9667550799532344
1075,0.6875,0.3333333333333333,0.814173155294097
1076,0.7551020408163265,0.8484848484848485,0.8088700371332465
1077,0.8125,1.0,0.8427009716003845
1078,0.625,0.5,0.7402023140737117
1079,0.7755102040816326,0.8611111111111112,0.7903026719257705
1080,0.8055555555555556,0.88,0.8357448101873575
1081,0.8,0.75,0.6390866872108506
1082,0.9444444444444444,0.92,0.9035079029052512
1083,0.625,0.0,0.7671124679351382
1084,0.875,0.6666666666666667,0.8150279304957
1085,0.92,0.8888888888888888,0.8304860777105237
1086,0.8125,0.5,0.8668807377250547
1087,0.75,0.0,0.7452350324224537
1088,0.75,0.6666666666666667,0.8838834764831843
1089,0.64,0.6428571428571428,0.7836445860269197
1090,0.4375,0.2857142857142857,0.8488382153210785
1091,0.7777777777777778,0.8,0.9035079029052512
1092,0.9375,0.5,0.884053437733959
1093,0.5,0.0,0.7926802250499961
1094,0.6875,1.0,0.9259416862330891
1095,0.72,0.8181818181818181,0.811443805660871
1096,0.6875,0.5,0.8148055264767241
1097,0.5625,0.6666666666666667,0.7714434522374274
1098,0.6875,0.8,0.9125
1099,0.48,0.5,0.8151933134075309
1100,0.76,0.7857142857142857,0.7542472332656507
1101,0.8125,0.0,0.8423195726346616
1102,0.8125,0.6666666666666667,0.8119631737991282
1103,0.625,1.0,0.805418998778512
1104,0.875,1.0,0.8456872867237141
1105,0.72,0.7272727272727273,0.7879125274918306
1106,0.7755102040816326,0.8333333333333334,0.8684111532186138
1107,0.6875,0.6,0.8292279828967711
1108,0.5,0.2857142857142857,0.786732081728623
1109,0.9444444444444444,0.92,0.9035079029052512
1110,0.76,0.7272727272727273,0.7903905329456671
1111,0.5625,0.3333333333333333,0.8561924992174353
1112,0.9375,1.0,0.8138381567063987
1113,0.8,0.6363636363636364,0.8996469021204838
1114,0.6875,0.5,0.7085452585284243
1115,0.6,0.5,0.8086937042208112
1116,0.8,0.7857142857142857,0.7416198487095663
1117,0.4375,0.1428571428571429,0.8337342394041923
1118,0.8125,0.8,0.8401388774085707
1119,0.8,0.7272727272727273,0.9246929112180866
1120,0.5625,0.3333333333333333,0.8604202427326287
1121,0.75,1.0,0.8647707859496934
1122,0.6875,0.5,0.8952046159107012
1123,0.8125,0.5,0.83624777717348
1124,0.7777777777777778,0.8695652173913043,0.8283250865328128
1125,0.625,0.8,0.8418729120241367
1126,0.75,0.7142857142857143,0.8236577760362478
1127,0.76,0.8571428571428572,0.7606388292556648
1128,0.875,0.0,0.8772266680960713
1129,0.6666666666666666,0.6956521739130435,0.8020818198568549
1130,0.625,1.0,0.805418998778512
1131,0.84,1.0,0.9032329495627084
1132,0.75,0.0,0.7587449244554323
1133,0.8163265306122449,0.8611111111111112,0.7888426505157585
1134,0.75,0.1999999999999999,0.8132062148225916
1135,0.8,0.75,0.8842821310068665
1136,0.9444444444444444,0.92,0.9035079029052512
1137,0.875,0.0,0.9367659069225724
1138,0.9375,0.6666666666666667,0.8018684584958439
1139,0.88,0.8888888888888888,0.8944011318252354
1140,0.75,0.5,0.9695920253653976
1141,0.75,0.5,0.85146931829632
1142,0.8125,0.3333333333333333,0.8333088681424018
1143,0.5,0.0,0.8401388774085707
1144,0.5625,0.2857142857142857,0.8918325397005953
1145,0.7777777777777778,0.8,0.9035079029052512
1146,0.6875,0.0,0.9367659069225724
1147,0.8125,0.6666666666666667,0.8403691032851185
1148,0.84,0.7777777777777778,0.8591762345488783
1149,0.6875,0.0,0.8689771213663764
1150,0.75,0.5,0.85146931829632
1151,0.8333333333333334,0.8260869565217391,0.8504200642707613
1152,0.875,0.6,0.7355424714268559
1153,0.68,0.625,0.8151933134075309
1154,0.6875,0.6,0.8101914936669333
1155,0.6875,0.0,0.928655226929768
1156,0.6,0.5833333333333333,0.850352452649271
1157,0.6875,1.0,0.859419469006961
1158,0.75,0.5,0.8289563383053072
1159,0.75,0.5,0.8055411545812777
1160,0.8271604938271605,0.8970588235294118,0.7456011350793257
1161,0.875,0.6,0.8401388774085707
1162,0.64,0.5625,0.6807251484180581
1163,0.90625,0.9245283018867924,0.8555731964627541
1164,0.75,0.0,0.862440385651912
1165,0.8125,0.6666666666666667,0.8909030059424665
1166,0.96,0.8888888888888888,0.8304860777105237
1167,0.6875,1.0,0.90816963710618
1168,0.75,0.5,0.796544260302395
1169,0.8125,0.6666666666666667,0.838552760240712
1170,0.96,0.9285714285714286,0.8318688682439609
1171,0.76,0.75,0.8749572785196142
1172,0.875,0.6,0.8401388774085707
1173,0.875,0.0,0.884053437733959
1174,0.8125,0.6666666666666667,0.8219644634897771
1175,0.625,1.0,0.8469804522684231
1176,0.625,0.5,0.8749070460642712
1177,0.75,0.5,0.85146931829632
1178,0.5625,0.3333333333333333,0.7612020568998559
1179,0.875,0.6,0.799502686333539
1180,0.76,0.75,0.7982796838956309
1181,0.5,0.0,0.8401388774085707
1182,0.875,0.0,0.8576578123452984
1183,0.8125,0.6666666666666667,0.8909030059424665
1184,0.8125,1.0,0.7871469099844897
1185,0.8125,0.5,0.8271383929183074
1186,0.75,0.5,0.8398387664337814
1187,0.8148148148148148,0.8823529411764706,0.8049844718999243
1188,0.875,0.6,0.799502686333539
1189,0.625,0.4285714285714286,0.7680003654969891
1190,0.8333333333333334,0.84,0.8583325077599887
1191,0.875,0.0,0.8393427238127074
1192,0.75,0.3333333333333333,0.8742671711966791
1193,0.875,1.0,0.8336878678455791
1194,0.625,0.5,0.8266293486534401
1195,0.75,0.5,0.7860400632011593
1196,0.9375,0.6666666666666667,0.8060433501697916
1197,0.8611111111111112,0.8,0.7931790872912177
1198,0.7222222222222222,0.7037037037037037,0.7766431633476234
1199,0.6875,0.1999999999999999,0.7868588344784758
1200,0.875,0.0,0.8882176431559488
1201,0.8125,0.6666666666666667,0.8528997913607468
1202,0.8125,1.0,0.8668273689494929
1203,0.75,0.5,0.8620703852607454
1204,0.75,0.5,0.85146931829632
1205,0.75,0.0,0.8139287438099234
1206,1.0,1.0,1.0
1207,0.5625,0.4285714285714286,0.8388704928078611
1208,0.5,0.0,0.8401388774085707
1209,0.875,0.0,0.8772266680960713
1210,0.8125,0.6666666666666667,0.8811660687121098
1211,0.75,1.0,0.7900584012487727
1212,0.875,0.5,0.8861862597425677
1213,0.75,0.5,0.8011927448021526
1214,0.8148148148148148,0.8823529411764706,0.7888888888888889
1215,0.5625,0.1999999999999999,0.7184212081070996
1216,0.75,0.7777777777777778,0.7584114779753877
1217,0.8125,0.6,0.8178064193007666
1218,0.875,0.0,0.7087835840655705
1219,0.9375,0.6666666666666667,0.8018684584958439
1220,1.0,1.0,0.7058563703386853
1221,0.75,0.5,0.8470839101854908
1222,0.8125,0.5,0.83624777717348
1223,0.6875,0.3333333333333333,0.8407615595399209
1224,0.5625,0.1999999999999999,0.9056042444793684
1225,0.625,0.4285714285714286,0.7794488346453278
1226,0.84,0.8571428571428572,0.8231365399742987
1227,0.9375,0.5,0.8116471566769876
1228,0.8125,0.0,0.84324062123274
1229,0.8,0.7777777777777778,0.7746670967243985
1230,0.75,0.5,0.8495186414651514
1231,0.75,0.0,0.8673072277057966
1232,0.84,0.8333333333333334,0.850728110360184
1233,0.875,0.8,0.79
1234,0.375,0.1428571428571429,0.7010662495304765
1235,0.6875,0.6,0.8401388774085707
1236,0.75,0.8181818181818181,0.8705149382958673
1237,0.8125,0.6666666666666667,0.8514751492728411
1238,0.75,1.0,0.931559715949802
1239,0.875,0.0,0.8062029235969145
1240,0.875,0.0,0.6556705731606094
1241,0.625,0.3333333333333333,0.7888426505157585
1242,0.875,0.8,0.7545446354176848
1243,0.625,0.2857142857142857,0.6424925662032356
1244,0.6875,0.6,0.7832647378983919
1245,0.75,0.0,0.71541351451888
1246,0.75,0.6666666666666667,0.8252740455007532
1247,0.9375,1.0,0.778590180126859
1248,0.75,0.5,0.8557250996811163
1249,0.8125,0.5,0.7772815877574013
1250,0.75,0.3333333333333333,0.7660850002087956
1251,0.625,0.1999999999999999,0.7274014732084384
1252,0.8125,0.7142857142857143,0.8488382153210785
1253,0.84,0.8571428571428572,0.8231365399742987
1254,0.8125,0.0,0.7321765321469981
1255,0.75,0.0,0.8214819924924042
1256,0.75,1.0,0.8857933595859279
1257,0.8125,0.5,0.7985494095046906
1258,0.6875,0.0,0.7611998997348344
1259,0.8125,0.3333333333333333,0.8227195572487128
1260,0.6875,0.1999999999999999,0.7626591218691433
1261,0.76,0.6875,0.6653127337741475
1262,0.56,0.6428571428571428,0.8134609701761972
1263,0.875,0.0,0.7844645405527361
1264,0.6875,0.3333333333333333,0.7254563846614089
1265,0.8125,1.0,0.873246807271666
1266,0.625,0.0,0.7777784120892148
1267,0.875,0.0,0.7633862853691146
1268,0.7959183673469388,0.8611111111111112,0.8643558937793571
1269,0.7755102040816326,0.8157894736842105,0.7534455389609657
1270,0.625,0.4285714285714286,0.7138277697663796
1271,0.875,0.6,0.8401388774085707
1272,0.9375,0.5,0.7836769818337361
1273,0.625,0.0,0.8742671711966791
1274,0.9375,1.0,0.7640001035106234
1275,0.8,0.7272727272727273,0.8163928948718484
1276,0.75,0.5,0.7860400632011593
1277,0.75,0.3333333333333333,0.7636363636363637
1278,0.625,0.1999999999999999,0.7789711910621947
1279,0.6111111111111112,0.6296296296296297,0.8175191193132878
1280,0.8979591836734694,0.9210526315789472,0.7673994195716326
1281,0.6875,0.5,0.7580716771900756
1282,0.8125,0.6666666666666667,0.8955447809287841
1283,0.875,1.0,0.812207806007285
1284,0.8125,0.0,0.7441611006409122
1285,0.8125,0.5,0.8258918255501917
1286,0.75,0.3333333333333333,0.8060433501697916
1287,0.6875,0.1999999999999999,0.6471832459560073
1288,0.625,0.4285714285714286,0.8598892366800223
1289,0.75,0.4,0.7719252839930797
1290,0.875,0.0,0.8008075518142515
1291,0.625,0.0,0.8541663883916589
1292,0.875,1.0,0.8051828719568184
1293,0.875,0.5,0.7748077496159599
1294,0.875,0.5,0.7643157063581784
1295,0.8125,0.3333333333333333,0.7893522173763263
