Desempenho,Acuracia,Similaridade,Especificidade,Proporção espacial x,Proporção espacial y
0.6653993493184877,0.75,0.8461980479554632,0.4,0.7769230769230769,0.9357622243528284
0.736197249936716,0.76,0.7610917498101478,0.6875,0.8403846153846154,0.8370086289549377
0.6089947022696526,0.75,0.8769841068089578,0.1999999999999999,0.9346153846153846,0.922339405560882
0.4790789102516173,0.625,0.8122367307548523,0.0,0.9057692307692308,0.9376797698945348
0.4563182191888928,0.625,0.7439546575666784,0.0,0.9153846153846154,0.965484180249281
0.8128438052134682,0.75,0.7885314156404046,0.9,0.9961538461538462,0.87248322147651
0.4703851430507793,0.5,0.911155429152338,0.0,0.9519230769230768,0.8034515819750719
0.5314858431944031,0.75,0.8444575295832093,0.0,1.0057692307692307,0.7833173537871524
0.894287334470372,0.9375,0.7453620034111159,1.0,0.9346153846153846,0.8887823585810163
0.6278724462171376,0.6875,0.7961173386514129,0.4,0.8807692307692307,0.9386385426653884
0.3757930938958776,0.4375,0.6898792816876329,0.0,0.8596153846153847,0.8024928092042186
0.4899122638333068,0.625,0.8447367914999205,0.0,0.9903846153846154,0.9050814956855224
0.5056281779181734,0.75,0.7668845337545204,0.0,0.9307692307692308,0.9022051773729626
0.4835230008582039,0.6875,0.7630690025746119,0.0,0.925,0.8830297219558965
0.822996737099337,0.6875,0.781490211298011,1.0,0.9865384615384616,0.8849472674976031
0.4703851430507793,0.5,0.911155429152338,0.0,0.9692307692307692,0.8149568552253116
0.5314858431944031,0.75,0.8444575295832093,0.0,0.9884615384615384,0.8197507190795782
0.9248859634416524,0.9375,0.8371578903249574,1.0,0.9634615384615384,0.8897411313518696
0.6206988897471611,0.6875,0.7745966692414834,0.4,0.8865384615384615,0.906040268456376
0.3995246176427351,0.4375,0.7610738529282056,0.0,0.9980769230769232,0.9319271332694152
0.4916666666666667,0.625,0.85,0.0,0.946153846153846,0.825503355704698
0.4995509363515786,0.625,0.8736528090547359,0.0,0.921153846153846,0.8082454458293384
0.526898012166812,0.8125,0.7681940365004358,0.0,0.9384615384615383,0.950143815915628
0.8128438052134682,0.75,0.7885314156404046,0.9,0.9865384615384616,0.9079578139980824
0.4703851430507793,0.5,0.911155429152338,0.0,0.8942307692307693,0.8322147651006712
0.5167701290807313,0.75,0.8003103872421938,0.0,0.9884615384615384,0.8053691275167785
0.9379762479366412,1.0,0.8139287438099234,1.0,0.9673076923076924,0.8542665388302972
0.4442746258674876,0.5625,0.7703238776024629,0.0,0.7365384615384616,0.6768935762224353
0.4834688645687433,0.5625,0.7450494508490871,0.1428571428571429,0.7788461538461539,0.8763183125599233
0.491634892917024,0.625,0.8499046787510721,0.0,0.7826923076923077,0.725790987535954
0.8309097708015619,0.75,0.9245474942228676,0.8181818181818181,0.8730769230769231,0.7689357622243528
0.6261701726862824,0.875,0.6701771847255139,0.3333333333333333,0.8923076923076924,0.9194630872483222
0.8128438052134682,0.75,0.7885314156404046,0.9,1.0076923076923077,0.9980824544582934
0.4703851430507793,0.5,0.911155429152338,0.0,0.85,0.8801534036433365
0.5314858431944031,0.75,0.8444575295832093,0.0,0.903846153846154,0.8533077660594439
0.6648724223121572,0.875,0.7862839336031381,0.3333333333333333,1.0134615384615384,0.9683604985618408
0.6451363699593685,0.75,0.7854091098781056,0.4,0.7057692307692308,0.6097794822627037
0.4600796829519714,0.5625,0.6748819059987713,0.1428571428571429,0.8134615384615385,0.8571428571428571
0.4640647368109619,0.625,0.7671942104328858,0.0,0.8384615384615385,0.716203259827421
0.8104701424375594,0.7755102040816326,0.827328794659617,0.8285714285714285,0.8461538461538461,0.8533077660594439
0.5199851944803562,0.8125,0.7474555834410685,0.0,0.8346153846153846,0.9041227229146692
0.822996737099337,0.6875,0.781490211298011,1.0,0.8788461538461538,0.9616490891658676
0.4703851430507793,0.5,0.911155429152338,0.0,0.8961538461538462,0.8053691275167785
0.5314858431944031,0.75,0.8444575295832093,0.0,0.9403846153846154,0.8456375838926175
0.6648724223121572,0.875,0.7862839336031381,0.3333333333333333,0.9634615384615384,0.7660594439117929
0.6391419222978835,0.75,0.7674257668936506,0.4,0.8192307692307692,0.7766059443911792
0.3545708952116432,0.4375,0.6262126856349297,0.0,0.8384615384615385,0.6279961649089166
0.5722426609655904,0.6875,0.8292279828967711,0.1999999999999999,0.8384615384615385,0.6845637583892618
0.5178770463790756,0.6875,0.8661311391372267,0.0,0.8615384615384616,0.862895493767977
0.5122825142324611,0.8125,0.7243475426973831,0.0,0.9096153846153846,0.9683604985618408
0.822996737099337,0.6875,0.781490211298011,1.0,0.8480769230769231,1.0047938638542666
0.4896089890583219,0.5625,0.9063269671749656,0.0,0.8442307692307692,0.8609779482262704
0.5167701290807313,0.75,0.8003103872421938,0.0,0.975,0.9156279961649088
0.6324206923810857,0.75,0.8139287438099234,0.3333333333333333,0.9346153846153846,0.9587727708533078
0.5444405648362717,0.6875,0.7458216945088149,0.1999999999999999,0.5403846153846154,0.8763183125599233
0.600361334897365,0.5,0.8725125761206665,0.4285714285714286,0.903846153846154,0.8149568552253116
0.4801516895156554,0.4375,0.8029550685469662,0.1999999999999999,0.9403846153846154,0.5474592521572388
0.4851606221250789,0.625,0.8304818663752367,0.0,0.8365384615384616,0.7775647171620326
0.8089378876605421,0.88,0.7134803296482928,0.8333333333333334,0.8461538461538461,0.8053691275167785
0.765637495908614,0.5625,0.7344124877258417,1.0,0.9307692307692308,0.9395973154362416
0.4703851430507793,0.5,0.911155429152338,0.0,0.7615384615384615,0.7794822627037392
0.5314858431944031,0.75,0.8444575295832093,0.0,0.8153846153846154,0.7526366251198466
0.8170381537492103,0.8333333333333334,0.791694171392558,0.8260869565217391,0.7807692307692308,0.8475551294343241
0.4896634037660036,0.6875,0.781490211298011,0.0,0.7230769230769231,0.7833173537871524
0.4627740374501374,0.4375,0.6651078266361264,0.2857142857142857,0.8173076923076923,0.8600191754554171
0.7714781694372533,0.6,0.7144345083117603,1.0,0.946153846153846,0.6931927133269415
0.9215501190053796,0.8333333333333334,0.9313170236828052,1.0,0.8884615384615384,0.775647171620326
0.8160326254627887,0.8571428571428571,0.7576216859121756,0.8333333333333334,0.9403846153846154,0.8044103547459253
0.822996737099337,0.6875,0.781490211298011,1.0,0.7903846153846154,0.7948226270373921
0.4703851430507793,0.5,0.911155429152338,0.0,0.8096153846153846,0.8302972195589645
0.5038410210535559,0.6875,0.8240230631606676,0.0,0.8653846153846154,0.8159156279961649
0.8537475507330922,0.8571428571428571,0.842988683945308,0.8611111111111112,0.8423076923076923,0.8897411313518696
0.574628995875627,0.5625,0.761386987626881,0.4,0.8538461538461538,0.8053691275167785
0.6246233189901389,0.6111111111111112,0.6701662532667129,0.5925925925925926,0.8846153846153846,0.8245445829338447
0.6366666666666666,0.75,0.76,0.4,0.8307692307692308,0.6347075743048898
0.499824877398402,0.625,0.8744746321952062,0.0,0.8711538461538462,0.7948226270373921
0.9209440781520494,1.0,0.7628322344561482,1.0,0.926923076923077,0.87248322147651
0.7864708292419472,0.625,0.7344124877258417,1.0,0.9442307692307692,0.8341323106423778
0.4896089890583219,0.5625,0.9063269671749656,0.0,0.8596153846153847,0.8533077660594439
0.5167701290807313,0.75,0.8003103872421938,0.0,0.9173076923076924,0.8657718120805369
0.790266106919462,0.84,0.7807983207583857,0.75,0.948076923076923,0.840843720038351
0.7003696707777145,0.72,0.7382518694760007,0.6428571428571428,0.8692307692307693,0.3068072866730585
0.495632072266723,0.5625,0.7815390739430262,0.1428571428571429,0.7480769230769231,0.7718120805369127
0.7384110700658685,0.875,0.7402332101976052,0.6,0.7403846153846154,0.588686481303931
0.5029611588277282,0.625,0.8838834764831844,0.0,0.8423076923076923,0.6529242569511026
0.8246008113209022,0.88,0.7604691006293736,0.8333333333333334,0.6596153846153846,0.713326941514861
0.8854745413128672,0.875,0.7814236239386015,1.0,0.7288461538461538,0.8092042186001918
0.7156019502484638,0.8125,0.8343058507453917,0.5,0.75,0.7181208053691275
0.5880098488710038,0.52,0.7894840920675568,0.4545454545454546,0.7980769230769231,0.7622243528283796
0.8021974704874301,0.7755102040816326,0.825526651825102,0.8055555555555556,0.8346153846153846,0.4870565675934803
0.6324697728945532,0.75,0.7474093186836597,0.4,0.7923076923076923,0.5292425695110259
0.7105390303659013,0.76,0.6841170910977037,0.6875,0.7634615384615384,0.6922339405560882
0.6185568962156982,0.6875,0.7681706886470947,0.4,0.7403846153846154,0.5100671140939598
0.8148420726677239,0.7777777777777778,0.8485666220435755,0.8181818181818181,0.7576923076923077,0.6490891658676894
0.8202102832510273,0.8571428571428571,0.7145991037213356,0.8888888888888888,0.6326923076923077,0.6212847555129435
0.798419494237281,0.72,0.7863695938229543,0.8888888888888888,0.7365384615384616,0.7152444870565676
0.4871835813759811,0.625,0.8365507441279434,0.0,0.7403846153846154,0.7334611697027804
0.7308305665928833,0.6666666666666666,0.7530977603847103,0.7727272727272727,0.5884615384615385,0.8897411313518696
0.8021292707650067,0.8055555555555556,0.8182235610872907,0.782608695652174,0.6865384615384615,0.638542665388303
0.73083038975695,0.875,0.7174911692708499,0.6,0.7538461538461538,0.5023969319271333
0.5030187277238493,0.625,0.7411990403144051,0.1428571428571429,0.8653846153846154,0.7497603068072867
0.7527004356102834,0.76,0.7838155925451363,0.7142857142857143,0.7326923076923076,0.4458293384467881
0.4761751345948129,0.5625,0.8660254037844387,0.0,0.8826923076923077,0.6615532118887824
0.7109140581512942,0.6875,0.7785755077872157,0.6666666666666667,0.6423076923076924,0.6807286673058485
0.8206795112654657,0.6875,0.7745385337963969,1.0,0.8807692307692307,0.7727708533077661
0.4764738156210035,0.5625,0.8669214468630108,0.0,0.7769230769230769,0.738255033557047
0.5361503434057037,0.48,0.7648146665807475,0.3636363636363636,0.6346153846153846,0.763183125599233
0.7700664628047879,0.8125,0.8310327217476967,0.6666666666666667,0.6884615384615385,0.7861936720997124
0.711610047510582,0.875,0.6598301425317459,0.6,0.7307692307692307,0.675934803451582
0.4929058079897752,0.5625,0.7733602811121825,0.1428571428571429,0.8730769230769231,0.922339405560882
0.7991787483763556,0.88,0.7318219594147815,0.7857142857142857,0.9865384615384616,0.900287631831256
0.498418021136974,0.44,0.7825267906836493,0.2727272727272727,0.953846153846154,0.9424736337488016
0.9188909830712918,1.0,0.7566729492138756,1.0,0.9615384615384616,0.9424736337488016
0.7314695753749927,0.64,0.7766309483472004,0.7777777777777778,0.9423076923076924,0.9443911792905082
0.7640952559216769,0.68,0.8850130404923038,0.7272727272727273,0.8192307692307692,0.9395973154362416
0.5314858431944031,0.75,0.8444575295832093,0.0,0.9634615384615384,0.950143815915628
0.7730877590316635,0.875,0.7775966104283237,0.6666666666666667,0.9403846153846154,0.9415148609779482
0.6238800400037653,0.75,0.7216401200112957,0.4,0.6307692307692307,0.7871524448705657
0.6678516267861054,0.72,0.6585548803583164,0.625,0.946153846153846,0.9520613614573348
0.6504696053715853,0.8125,0.7389088161147559,0.4,1.0,0.8494726749760306
0.5074085680392407,0.6875,0.8347257041177223,0.0,0.9596153846153846,0.9434324065196548
0.931160992405862,1.0,0.7934829772175864,1.0,0.9557692307692308,0.9520613614573348
0.8512763226250705,0.75,0.8038289678752113,1.0,0.8442307692307692,0.9319271332694152
0.5635872751226979,0.44,0.8871254617317299,0.3636363636363636,0.953846153846154,0.9395973154362416
0.5314858431944031,0.75,0.8444575295832093,0.0,0.9173076923076924,0.9578139980824544
0.8799242424242424,0.8125,0.8272727272727273,1.0,0.925,0.9300095877277086
0.6572522007884322,0.8125,0.7592566023652966,0.4,0.8557692307692307,0.8887823585810163
0.4051636501707798,0.5,0.7154909505123395,0.0,0.8980769230769231,0.9271332694151486
0.5876982108242368,0.75,0.8130946324727105,0.1999999999999999,0.9673076923076924,0.8906999041227229
0.512294891823294,0.6875,0.8493846754698822,0.0,0.9576923076923076,0.9424736337488016
0.918087028584798,1.0,0.7542610857543938,1.0,0.9019230769230768,0.9319271332694152
0.8075189324907986,0.625,0.7975567974723957,1.0,0.8923076923076924,0.9319271332694152
0.4510048415500681,0.5,0.8530145246502043,0.0,0.8288461538461539,0.9415148609779482
0.5663214237683324,0.875,0.823964271304997,0.0,0.9903846153846154,0.9453499520613614
0.9257804182804182,0.9375,0.8398412548412547,1.0,0.9365384615384617,0.9175455417066156
0.4433408596267325,0.5625,0.7675225788801975,0.0,0.5615384615384615,0.7603068072866731
0.4507182768278854,0.375,0.8342976876265135,0.1428571428571429,0.675,0.6701821668264621
0.5586368791730955,0.625,0.8509106375192863,0.1999999999999999,0.7961538461538461,0.7027804410354745
0.5527027572983406,0.75,0.9081082718950216,0.0,0.5615384615384615,0.713326941514861
1.0,1.0,1.0,1.0,0.8211538461538461,0.6481303930968361
0.822996737099337,0.6875,0.781490211298011,1.0,0.7346153846153847,0.7909875359539789
0.6078579509760685,0.5625,0.7610738529282056,0.5,0.7634615384615384,0.7334611697027804
0.5499026512907877,0.375,0.774707953872363,0.5,0.675,0.7315436241610739
0.8613144840791426,0.8125,0.7714434522374274,1.0,0.7846153846153846,0.7459252157238735
0.4600157067606695,0.625,0.7550471202820085,0.0,0.5826923076923077,0.800575263662512
0.515821449443266,0.5,0.7617500626155123,0.2857142857142857,0.6596153846153846,0.697986577181208
0.6655897321957776,0.75,0.8467691965873326,0.4,0.7942307692307692,0.5896452540747843
0.5318694239650072,0.6875,0.9081082718950216,0.0,0.6519230769230769,0.7219558964525408
0.8988423152599347,0.875,0.8215269457798041,1.0,0.7076923076923077,0.6682646212847555
0.822996737099337,0.6875,0.781490211298011,1.0,0.6903846153846154,0.7861936720997124
0.440149683803976,0.5,0.8204490514119283,0.0,0.75,0.7679769894534996
0.511804986334174,0.75,0.7854149590025222,0.0,0.7769230769230769,0.710450623202301
0.6682794728493354,0.5625,0.7756717518813396,0.6666666666666667,0.698076923076923,0.6270373921380633
0.7741330080996827,0.875,0.8473990242990481,0.6,0.7442307692307693,0.710450623202301
0.515821449443266,0.5,0.7617500626155123,0.2857142857142857,0.6903846153846154,0.7027804410354745
0.8569524219849048,0.875,0.8958572659547143,0.8,0.8576923076923076,0.5848513902205177
0.8443694239650071,0.625,0.9081082718950216,1.0,0.45,0.5503355704697986
0.9430220883534136,0.9375,0.891566265060241,1.0,0.85,0.6960690316395014
0.8084404335756262,0.625,0.8003213007268788,1.0,0.7942307692307692,0.8322147651006712
0.6078579509760685,0.5625,0.7610738529282056,0.5,0.8442307692307692,0.8705656759348035
0.511804986334174,0.75,0.7854149590025222,0.0,0.8673076923076923,0.5714285714285714
0.7033652042283737,0.6875,0.7559289460184545,0.6666666666666667,0.5846153846153846,0.7698945349952061
0.7685546572168943,0.7551020408163265,0.7610882466238301,0.7894736842105263,0.8653846153846154,0.9300095877277086
0.74523459319014,0.5625,0.8160609224275623,0.8571428571428572,0.2634615384615384,0.0278044103547459
0.3958401750702753,0.3125,0.8750205252108261,0.0,0.9961538461538462,0.99712368168744
0.520666583436905,0.6875,0.8744997503107149,0.0,0.9846153846153848,0.9520613614573348
0.623540170974025,0.8125,0.7247871795887415,0.3333333333333333,0.8711538461538462,0.6922339405560882
0.9030346227496896,0.875,0.8341038682490691,1.0,0.8115384615384615,0.7027804410354745
0.6898445479250288,0.6875,0.8820336437750866,0.5,0.7269230769230769,0.9798657718120806
0.6435531648369203,0.625,0.8056594945107608,0.5,1.0076923076923077,0.9837008628954936
0.903394087533942,0.875,0.8351822626018263,1.0,0.9826923076923076,0.9261744966442952
0.5381979378112962,0.6875,0.7270938134338887,0.1999999999999999,0.7884615384615384,0.8302972195589645
0.830991691094957,0.84,0.8404750732848711,0.8125,0.9653846153846154,0.8935762224352828
0.5330041578459618,0.6875,0.7115124735378854,0.1999999999999999,0.6288461538461538,0.9702780441035476
0.4918572325323304,0.6875,0.7880716975969911,0.0,0.971153846153846,0.87535953978907
0.7602785704349482,0.8125,0.8016690446381777,0.6666666666666667,0.5211538461538462,0.763183125599233
0.8933413013117506,0.8125,0.8675239039352518,1.0,0.8692307692307693,0.785234899328859
0.5383112794424839,0.8125,0.8024338383274515,0.0,0.9846153846153848,0.9904122722914668
0.5928998234524586,0.52,0.8041540158119213,0.4545454545454546,1.0096153846153846,0.9942473633748802
0.7256432596721983,0.75,0.7602631123499285,0.6666666666666667,0.9865384615384616,0.8859060402684564
0.573634774990739,0.75,0.770904324972217,0.1999999999999999,1.001923076923077,0.969319271332694
0.830991691094957,0.84,0.8404750732848711,0.8125,1.0134615384615384,0.925215723873442
0.4670380000387551,0.625,0.7761140001162655,0.0,0.8596153846153847,0.8398849472674976
0.5516065242115539,0.8125,0.8423195726346616,0.0,0.9942307692307693,0.8983700862895494
0.6371763624102106,0.8125,0.7656957538972985,0.3333333333333333,0.7980769230769231,0.7641418983700863
0.9300308161067546,0.875,0.915092448320264,1.0,0.9384615384615383,0.8619367209971237
0.5412949277328069,0.75,0.8738847831984206,0.0,0.8826923076923077,0.9434324065196548
0.6733277748706813,0.6875,0.8324833246120438,0.5,1.0057692307692307,0.8791946308724832
0.7389100744166992,0.8125,0.737563556583431,0.6666666666666667,0.9923076923076924,0.9578139980824544
0.4699540876769324,0.625,0.7848622630307973,0.0,0.5557692307692308,0.4976030680728667
0.7252151335950572,0.7346938775510204,0.6909515232341512,0.75,0.6653846153846154,0.6845637583892618
0.7772078702738047,0.8,0.8173378965356997,0.7142857142857143,0.5923076923076923,0.5934803451581975
0.5075353142891498,0.6875,0.8351059428674495,0.0,1.0173076923076922,0.7027804410354745
0.4559695779349595,0.5625,0.8054087338048787,0.0,0.8730769230769231,0.6778523489932886
0.8676675137413534,0.8125,0.7905025412240602,1.0,0.8557692307692307,0.6433365292425696
0.5108360150191666,0.75,0.7825080450574998,0.0,0.9,0.6673058485139022
0.4864577631379088,0.75,0.7093732894137263,0.0,0.8653846153846154,0.8111217641418984
0.8284456282114805,0.8125,0.790483943457971,0.8823529411764706,0.5596153846153846,0.6318312559923298
0.7190653405309457,0.75,0.6871960215928373,0.72,0.7173076923076923,0.4276126558005753
0.5378490029599794,0.5,0.8278327231656524,0.2857142857142857,0.7192307692307692,0.7603068072866731
0.7663830773066768,0.8333333333333334,0.665815898586697,0.8,0.5230769230769231,0.663470757430489
0.7672212972145794,0.7551020408163265,0.7751332793988405,0.7714285714285715,0.9557692307692308,0.775647171620326
0.5165969695258489,0.6875,0.8622909085775465,0.0,0.7057692307692308,0.6586768935762224
0.7931786554785006,0.7222222222222222,0.90731374421328,0.75,0.6211538461538462,0.6951102588686481
0.6742204632022148,0.68,0.797206844152099,0.5454545454545454,1.001923076923077,0.5781399808245445
0.7004773528701765,0.8125,0.7889320586105297,0.5,0.6942307692307692,0.725790987535954
0.7655468853662498,0.7222222222222222,0.7483314773547882,0.8260869565217391,0.921153846153846,0.7679769894534996
0.54428533083331,0.6875,0.7453559924999299,0.1999999999999999,0.7826923076923077,0.5234899328859061
0.515821449443266,0.5,0.7617500626155123,0.2857142857142857,0.5942307692307692,0.8485139022051774
0.6498342287778464,0.75,0.799502686333539,0.4,0.7134615384615385,0.7708533077660594
0.7075298037311638,0.68,0.806225774829855,0.6363636363636364,0.8307692307692308,0.7353787152444871
0.6851145362492407,0.875,0.8470102754143884,0.3333333333333333,0.6038461538461538,0.675934803451582
0.8953900709219859,0.75,0.9361702127659576,1.0,0.971153846153846,0.716203259827421
0.6833341075177662,0.75,0.800002322553299,0.5,0.9692307692307692,0.6567593480345159
0.5327650464645511,0.8125,0.7857951393936532,0.0,0.8134615384615385,0.7440076701821668
0.7942397666996612,0.75,0.8066323435772447,0.8260869565217391,0.7538461538461538,0.6893576222435283
0.7496580226825861,0.76,0.7746883537620438,0.7142857142857143,0.6153846153846154,0.5934803451581975
0.4731657097190653,0.5625,0.7141399863000529,0.1428571428571429,0.7230769230769231,0.9108341323106424
0.6123725465122362,0.6875,0.7496176395367088,0.4,0.7538461538461538,0.7737296260786194
0.7594136052572841,0.76,0.790968088499125,0.7272727272727273,0.8346153846153846,0.8360498561840843
0.4840122153064471,0.6875,0.7645366459193415,0.0,0.948076923076923,0.6241610738255033
0.8570883036319633,0.75,0.82126491089589,1.0,0.8057692307692308,0.9271332694151486
0.5255361496495913,0.6875,0.889108448948774,0.0,1.0115384615384615,0.7718120805369127
0.8371071506315103,0.8163265306122449,0.8092806355680002,0.8857142857142857,0.9826923076923076,0.9022051773729626
0.7389100744166992,0.8125,0.737563556583431,0.6666666666666667,0.971153846153846,0.8974113135186961
0.8095553228479185,0.84,0.8029516828294699,0.7857142857142857,0.6211538461538462,0.6538830297219559
0.4940856162606714,0.5625,0.7768997059248713,0.1428571428571429,0.7634615384615384,0.9645254074784276
0.6679676787479222,0.72,0.712474464815195,0.5714285714285714,0.8134615384615385,0.7325023969319271
0.514542338634135,0.75,0.793627015902405,0.0,0.928846153846154,0.7641418983700863
0.517300268976444,0.6875,0.864400806929332,0.0,0.9730769230769232,0.7123681687440077
0.8033446358058205,0.7222222222222222,0.9378116851952388,0.75,0.8884615384615384,0.9319271332694152
0.546113379671778,0.8125,0.8258401390153339,0.0,1.0269230769230768,0.8216682646212847
0.8461988805680573,0.8163265306122449,0.836555825377641,0.8857142857142857,0.9653846153846154,0.9367209971236816
0.7256432596721983,0.75,0.7602631123499285,0.6666666666666667,0.9807692307692308,0.9424736337488016
0.6073453637232124,0.6875,0.734536091169637,0.4,0.6442307692307693,0.6711409395973155
0.4202093658677904,0.5625,0.6981280976033711,0.0,0.9,0.9741131351869609
0.665654846850912,0.8125,0.7844645405527362,0.4,0.7980769230769231,0.7555129434324065
0.5033317859124732,0.625,0.8849953577374196,0.0,0.9673076923076924,0.7929050814956855
0.4915534343108595,0.6875,0.7871603029325785,0.0,0.9826923076923076,0.7535953978907
0.8343453583130626,0.75,0.9530360749391876,0.8,0.9076923076923076,0.9376797698945348
0.5618493685208357,0.8125,0.8730481055625071,0.0,1.0403846153846157,0.8446788111217641
0.8099300810667125,0.7551020408163265,0.8461167738123826,0.8285714285714285,0.9788461538461538,0.9415148609779482
0.7389100744166992,0.8125,0.737563556583431,0.6666666666666667,0.9769230769230768,0.9568552253116012
0.7414953751083585,0.875,0.7494861253250753,0.6,0.7903846153846154,0.6011505273250239
0.6578289043512582,0.6388888888888888,0.7049681945352559,0.6296296296296297,0.8576923076923076,0.6442953020134228
0.759139785491045,0.6,0.8202764993302779,0.8571428571428572,0.725,0.6327900287631831
0.5046631422179252,0.6875,0.8264894266537754,0.0,0.7134615384615385,0.7804410354745925
0.6634936109824167,0.875,0.7821474996139165,0.3333333333333333,0.7461538461538462,0.6337488015340365
0.7875744192597524,0.7222222222222222,0.7905010355570349,0.85,0.7173076923076923,0.822627037392138
0.4544669563504164,0.5,0.863400869051249,0.0,0.8326923076923077,0.75071907957814
0.5537969612987381,0.875,0.7863908838962145,0.0,0.6461538461538462,0.775647171620326
0.9466666666666668,1.0,0.84,1.0,0.8173076923076923,0.7976989453499521
0.6606268235732258,0.8125,0.7693804707196773,0.4,0.7211538461538461,0.5541706615532119
0.840237837484945,0.828125,0.819861239727562,0.8727272727272728,0.7942307692307692,0.5819750719079578
0.7576262541783444,0.84,0.7185930482493189,0.7142857142857143,0.8211538461538461,0.8312559923298178
0.6260610634014285,0.1875,0.6906831902042856,1.0,0.5923076923076923,0.7190795781399808
0.960246285732856,1.0,0.8807388571985678,1.0,0.7769230769230769,0.6778523489932886
0.8033446358058205,0.7222222222222222,0.9378116851952388,0.75,0.8769230769230769,0.8926174496644296
0.733613379671778,0.875,0.8258401390153339,0.5,0.6826923076923077,0.8370086289549377
0.5663214237683324,0.875,0.823964271304997,0.0,0.8365384615384616,0.9069990412272292
0.6459450056110759,0.8125,0.7920016834998942,0.3333333333333333,0.8365384615384616,0.700862895493768
0.5652892457160901,0.75,0.7458677371482704,0.1999999999999999,0.6346153846153846,0.6251198465963567
0.6938475528507589,0.7346938775510204,0.6218487810012564,0.725,0.7269230769230769,0.6807286673058485
0.7906777980336891,0.8055555555555556,0.8064778385455118,0.76,0.7923076923076923,0.7018216682646213
0.5596566170104812,0.875,0.8039698510314434,0.0,0.7576923076923077,0.7468839884947267
0.5117419787388231,0.6875,0.8477259362164693,0.0,0.8865384615384615,0.6768935762224353
0.8343453583130626,0.75,0.9530360749391876,0.8,0.7634615384615384,0.7535953978907
0.4701086956521739,0.5625,0.8478260869565217,0.0,0.8653846153846154,0.7804410354745925
0.7499005380238642,0.875,0.8747016140715925,0.5,0.8634615384615385,0.9108341323106424
0.9327075991897988,1.0,0.7981227975693966,1.0,0.8173076923076923,0.840843720038351
